paperId,externalIds,title,venue,year,openAccessPdf,authors,abstract
000ba3ccaa1369e4726caa842f89fa10e07d7330,"{'DBLP': 'conf/cscw/IraniHD08', 'MAG': '2138801802', 'DOI': '10.1145/1460563.1460592', 'CorpusId': 6280743}",Situated practices of looking: visual practice in an online world,Conference on Computer Supported Cooperative Work,2008,"{'url': '', 'status': 'CLOSED', 'license': None, 'disclaimer': ""Notice: The following paper fields have been elided by the publisher: {'abstract'}. Paper or abstract available at https://api.unpaywall.org/v2/10.1145/1460563.1460592?email=<INSERT_YOUR_EMAIL> or https://doi.org/10.1145/1460563.1460592, which is subject to the license by the author or copyright owner provided with this content. Please go to the source to verify the license and copyright information for your use.""}","[{'authorId': '3142146', 'name': 'L. Irani'}, {'authorId': '144150258', 'name': 'Gillian R. Hayes'}, {'authorId': '1762952', 'name': 'Paul Dourish'}]",
054fa7f09136fe1df56d8ac5ff61157bc6271d0b,"{'MAG': '2098117747', 'DBLP': 'conf/cscw/TolmieCRB08', 'DOI': '10.1145/1460563.1460605', 'CorpusId': 19016040}","""Are you watching this film or what?"": interruption and the juggling of cohorts",Conference on Computer Supported Cooperative Work,2008,"{'url': '', 'status': 'CLOSED', 'license': None, 'disclaimer': ""Notice: The following paper fields have been elided by the publisher: {'abstract'}. Paper or abstract available at https://api.unpaywall.org/v2/10.1145/1460563.1460605?email=<INSERT_YOUR_EMAIL> or https://doi.org/10.1145/1460563.1460605, which is subject to the license by the author or copyright owner provided with this content. Please go to the source to verify the license and copyright information for your use.""}","[{'authorId': '1834641', 'name': 'P. Tolmie'}, {'authorId': '1713085', 'name': 'Andy Crabtree'}, {'authorId': '145282573', 'name': 'T. Rodden'}, {'authorId': '1738239', 'name': 'S. Benford'}]",
06afbc1675ac17adcc14a030b9fc982bbf44ea35,"{'MAG': '2045500807', 'DBLP': 'conf/cscw/GoecksVVM08', 'DOI': '10.1145/1460563.1460669', 'CorpusId': 4227543}",Charitable technologies: opportunities for collaborative computing in nonprofit fundraising,Conference on Computer Supported Cooperative Work,2008,"{'url': '', 'status': 'CLOSED', 'license': None, 'disclaimer': ""Notice: The following paper fields have been elided by the publisher: {'abstract'}. Paper or abstract available at https://api.unpaywall.org/v2/10.1145/1460563.1460669?email=<INSERT_YOUR_EMAIL> or https://doi.org/10.1145/1460563.1460669, which is subject to the license by the author or copyright owner provided with this content. Please go to the source to verify the license and copyright information for your use.""}","[{'authorId': '2718156', 'name': 'Jeremy Goecks'}, {'authorId': '1805040', 'name': 'A. Voida'}, {'authorId': '1804450', 'name': 'Stephen Voida'}, {'authorId': '1752751', 'name': 'Elizabeth D. Mynatt'}]",
0895e4fe9e76ab472d4f584e346f37b1287386cf,"{'MAG': '1980697529', 'DBLP': 'conf/cscw/LindtnerNWMJL08', 'DOI': '10.1145/1460563.1460624', 'CorpusId': 6870100}",A hybrid cultural ecology: world of warcraft in China,Conference on Computer Supported Cooperative Work,2008,"{'url': '', 'status': 'CLOSED', 'license': None, 'disclaimer': ""Notice: The following paper fields have been elided by the publisher: {'abstract'}. Paper or abstract available at https://api.unpaywall.org/v2/10.1145/1460563.1460624?email=<INSERT_YOUR_EMAIL> or https://doi.org/10.1145/1460563.1460624, which is subject to the license by the author or copyright owner provided with this content. Please go to the source to verify the license and copyright information for your use.""}","[{'authorId': '1724052', 'name': 'S. Lindtner'}, {'authorId': '1694741', 'name': 'B. Nardi'}, {'authorId': '2153675553', 'name': 'Yang Wang'}, {'authorId': '2261120', 'name': 'Scott D. Mainwaring'}, {'authorId': '2111783676', 'name': 'He Jing'}, {'authorId': '118115568', 'name': 'W. Liang'}]",
0cc6c59a10a57a26c3ecfb203adc2c1f6dd2addc,"{'DBLP': 'conf/cscw/DiMiccoMGDBM08', 'MAG': '1980580900', 'DOI': '10.1145/1460563.1460674', 'CorpusId': 9733548}",Motivations for social networking at work,Conference on Computer Supported Cooperative Work,2008,"{'url': 'http://www.umsl.edu/~sauterv/5800/p711-dimicco.pdf', 'status': 'GREEN', 'license': None, 'disclaimer': ""Notice: The following paper fields have been elided by the publisher: {'abstract'}. Paper or abstract available at https://api.unpaywall.org/v2/10.1145/1460563.1460674?email=<INSERT_YOUR_EMAIL> or https://doi.org/10.1145/1460563.1460674, which is subject to the license by the author or copyright owner provided with this content. Please go to the source to verify the license and copyright information for your use.""}","[{'authorId': '3608574', 'name': 'J. DiMicco'}, {'authorId': '2673368', 'name': 'D. Millen'}, {'authorId': '143774641', 'name': 'Werner Geyer'}, {'authorId': '2391727', 'name': 'Casey Dugan'}, {'authorId': '2984220', 'name': 'Beth Brownholtz'}, {'authorId': '144440084', 'name': 'Michael J. Muller'}]",
1034bb2fbb01c3ec7d4bf4c890a65c7aac5a79c9,"{'MAG': '2076680636', 'DBLP': 'conf/cscw/PousmanRS08', 'DOI': '10.1145/1460563.1460568', 'CorpusId': 23080313}","Imprint, a community visualization of printer data: designing for open-ended engagement on sustainability",Conference on Computer Supported Cooperative Work,2008,"{'url': '', 'status': 'CLOSED', 'license': None, 'disclaimer': ""Notice: The following paper fields have been elided by the publisher: {'abstract'}. Paper or abstract available at https://api.unpaywall.org/v2/10.1145/1460563.1460568?email=<INSERT_YOUR_EMAIL> or https://doi.org/10.1145/1460563.1460568, which is subject to the license by the author or copyright owner provided with this content. Please go to the source to verify the license and copyright information for your use.""}","[{'authorId': '1732284', 'name': 'Zachary Pousman'}, {'authorId': '2102401', 'name': 'Hafez Rouzati'}, {'authorId': '1691661', 'name': 'J. Stasko'}]",
13145f4ee5e891ff578d76d4acf99e433a8e0c2d,"{'DBLP': 'conf/cscw/SzostekKEH08', 'MAG': '2154881458', 'DOI': '10.1145/1460563.1460664', 'CorpusId': 8869440}",Understanding the implications of social translucence for systems supporting communication at work,Conference on Computer Supported Cooperative Work,2008,"{'url': 'http://www.win.tue.nl/~mholende/publications/Matysiak2008.pdf', 'status': 'GREEN', 'license': None, 'disclaimer': ""Notice: The following paper fields have been elided by the publisher: {'abstract'}. Paper or abstract available at https://api.unpaywall.org/v2/10.1145/1460563.1460664?email=<INSERT_YOUR_EMAIL> or https://doi.org/10.1145/1460563.1460664, which is subject to the license by the author or copyright owner provided with this content. Please go to the source to verify the license and copyright information for your use.""}","[{'authorId': '1958209', 'name': 'A. Szóstek'}, {'authorId': '1766666', 'name': 'E. Karapanos'}, {'authorId': '1966997', 'name': 'Berry Eggen'}, {'authorId': '2749081', 'name': 'Mike Holenderski'}]",
14c64401e859206e287098d0ff4803651d4c2195,"{'MAG': '2002004227', 'DBLP': 'conf/cscw/PoonTAL08', 'DOI': '10.1145/1460563.1460623', 'CorpusId': 461780}",Context-linked virtual assistants for distributed teams: an astrophysics case study,Conference on Computer Supported Cooperative Work,2008,"{'url': '', 'status': 'CLOSED', 'license': None, 'disclaimer': ""Notice: The following paper fields have been elided by the publisher: {'abstract'}. Paper or abstract available at https://api.unpaywall.org/v2/10.1145/1460563.1460623?email=<INSERT_YOUR_EMAIL> or https://doi.org/10.1145/1460563.1460623, which is subject to the license by the author or copyright owner provided with this content. Please go to the source to verify the license and copyright information for your use.""}","[{'authorId': '145965554', 'name': 'S. Poon'}, {'authorId': '2110939668', 'name': 'R. Thomas'}, {'authorId': '2080709289', 'name': 'C. Aragon'}, {'authorId': '47620668', 'name': 'Brian Lee'}]",
15c286227ea22874067b3958b83682fe2b91444a,"{'MAG': '2062765411', 'DBLP': 'conf/cscw/IgnatPON08', 'DOI': '10.1145/1460563.1460665', 'CorpusId': 14806501}",Providing awareness in multi-synchronous collaboration without compromising privacy,Conference on Computer Supported Cooperative Work,2008,"{'url': 'http://hal.inria.fr/docs/00/34/38/17/PDF/IgnatCSCW08.pdf', 'status': 'GREEN', 'license': None, 'disclaimer': ""Notice: The following paper fields have been elided by the publisher: {'abstract'}. Paper or abstract available at https://api.unpaywall.org/v2/10.1145/1460563.1460665?email=<INSERT_YOUR_EMAIL> or https://doi.org/10.1145/1460563.1460665, which is subject to the license by the author or copyright owner provided with this content. Please go to the source to verify the license and copyright information for your use.""}","[{'authorId': '2588308', 'name': 'C. Ignat'}, {'authorId': '2249600', 'name': 'S. Papadopoulou'}, {'authorId': '31259576', 'name': 'G. Oster'}, {'authorId': '1685670', 'name': 'M. Norrie'}]",
211c7c50fa27cd9a388d6185ca7822cc2792d5aa,"{'DBLP': 'conf/cscw/BalkaBW08', 'MAG': '2084553561', 'DOI': '10.1145/1460563.1460645', 'CorpusId': 1655700}",Steps toward a typology for health informatics,Conference on Computer Supported Cooperative Work,2008,"{'url': '', 'status': 'CLOSED', 'license': None, 'disclaimer': ""Notice: The following paper fields have been elided by the publisher: {'abstract'}. Paper or abstract available at https://api.unpaywall.org/v2/10.1145/1460563.1460645?email=<INSERT_YOUR_EMAIL> or https://doi.org/10.1145/1460563.1460645, which is subject to the license by the author or copyright owner provided with this content. Please go to the source to verify the license and copyright information for your use.""}","[{'authorId': '1846221', 'name': 'E. Balka'}, {'authorId': '3923375', 'name': 'Pernille Bjørn'}, {'authorId': '144822150', 'name': 'I. Wagner'}]",
239b875bc8380bdde2393d2f8fd12895f3ebf4f3,"{'MAG': '2158083740', 'DBLP': 'conf/cscw/KitturSC08', 'DOI': '10.1145/1460563.1460639', 'CorpusId': 10452077}",Can you ever trust a wiki?: impacting perceived trustworthiness in wikipedia,Conference on Computer Supported Cooperative Work,2008,"{'url': '', 'status': 'CLOSED', 'license': None, 'disclaimer': ""Notice: The following paper fields have been elided by the publisher: {'abstract'}. Paper or abstract available at https://api.unpaywall.org/v2/10.1145/1460563.1460639?email=<INSERT_YOUR_EMAIL> or https://doi.org/10.1145/1460563.1460639, which is subject to the license by the author or copyright owner provided with this content. Please go to the source to verify the license and copyright information for your use.""}","[{'authorId': '145234497', 'name': 'A. Kittur'}, {'authorId': '3994427', 'name': 'B. Suh'}, {'authorId': '2226805', 'name': 'Ed H. Chi'}]",
2775d1f7d4ab19cbfe5696d668a99f4ae91d9b10,"{'MAG': '2067983645', 'DBLP': 'conf/cscw/HancockGCL08', 'DOI': '10.1145/1460563.1460611', 'CorpusId': 21285586}",I'm sad you're sad: emotional contagion in CMC,Conference on Computer Supported Cooperative Work,2008,"{'url': '', 'status': 'CLOSED', 'license': None, 'disclaimer': ""Notice: The following paper fields have been elided by the publisher: {'abstract'}. Paper or abstract available at https://api.unpaywall.org/v2/10.1145/1460563.1460611?email=<INSERT_YOUR_EMAIL> or https://doi.org/10.1145/1460563.1460611, which is subject to the license by the author or copyright owner provided with this content. Please go to the source to verify the license and copyright information for your use.""}","[{'authorId': '1697703', 'name': 'Jeffrey T. Hancock'}, {'authorId': '2264219090', 'name': 'K. Gee'}, {'authorId': '2064528', 'name': 'Kevin Ciaccio'}, {'authorId': '2110344188', 'name': 'Jennifer Mae-Hwah Lin'}]",
2a2e1c17d47b57ad17a83fc522ca369a68599e4d,"{'MAG': '2156146541', 'DBLP': 'conf/cscw/EgelmanBI08', 'DOI': '10.1145/1460563.1460666', 'CorpusId': 14507614}",Family accounts: a new paradigm for user accounts within the home environment,Conference on Computer Supported Cooperative Work,2008,"{'url': '', 'status': 'CLOSED', 'license': None, 'disclaimer': ""Notice: The following paper fields have been elided by the publisher: {'abstract'}. Paper or abstract available at https://api.unpaywall.org/v2/10.1145/1460563.1460666?email=<INSERT_YOUR_EMAIL> or https://doi.org/10.1145/1460563.1460666, which is subject to the license by the author or copyright owner provided with this content. Please go to the source to verify the license and copyright information for your use.""}","[{'authorId': '2645852', 'name': 'Serge Egelman'}, {'authorId': '2249113281', 'name': 'A. Brush'}, {'authorId': '1781500', 'name': 'K. Quinn'}]",
2bb0e6ad19b4414c4302257d82b5f616455d3708,"{'DBLP': 'conf/cscw/LutherB08', 'MAG': '2123422228', 'DOI': '10.1145/1460563.1460619', 'CorpusId': 10695856}",Leadership in online creative collaboration,Conference on Computer Supported Cooperative Work,2008,"{'url': '', 'status': 'CLOSED', 'license': None, 'disclaimer': ""Notice: The following paper fields have been elided by the publisher: {'abstract'}. Paper or abstract available at https://api.unpaywall.org/v2/10.1145/1460563.1460619?email=<INSERT_YOUR_EMAIL> or https://doi.org/10.1145/1460563.1460619, which is subject to the license by the author or copyright owner provided with this content. Please go to the source to verify the license and copyright information for your use.""}","[{'authorId': '144647604', 'name': 'Kurt Luther'}, {'authorId': '143709703', 'name': 'A. Bruckman'}]",
2cee7e72342d0e6e536df83c7ca27842ad4a1ca9,"{'DBLP': 'series/cscw/2008theory', 'DOI': '10.1007/978-1-84628-901-9', 'CorpusId': 46779086}","Resources, Co-Evolution and Artifacts - Theory in CSCW",Computer Supported Cooperative Work,2008,"{'url': 'https://link.springer.com/content/pdf/bfm:978-1-84628-901-9/1?pdf=chapter%20toc', 'status': 'GREEN', 'license': None, 'disclaimer': ""Notice: The following paper fields have been elided by the publisher: {'abstract'}. Paper or abstract available at https://api.unpaywall.org/v2/10.1007/978-1-84628-901-9?email=<INSERT_YOUR_EMAIL> or https://doi.org/10.1007/978-1-84628-901-9, which is subject to the license by the author or copyright owner provided with this content. Please go to the source to verify the license and copyright information for your use.""}",[],
2f67dd82ef035356bdfd9c78ab91e36c5f5b2ad6,"{'MAG': '1977025605', 'DBLP': 'conf/cscw/KripleanBM08', 'DOI': '10.1145/1460563.1460573', 'CorpusId': 7164949}",Articulations of wikiwork: uncovering valued work in wikipedia through barnstars,Conference on Computer Supported Cooperative Work,2008,"{'url': '', 'status': 'CLOSED', 'license': None, 'disclaimer': ""Notice: The following paper fields have been elided by the publisher: {'abstract'}. Paper or abstract available at https://api.unpaywall.org/v2/10.1145/1460563.1460573?email=<INSERT_YOUR_EMAIL> or https://doi.org/10.1145/1460563.1460573, which is subject to the license by the author or copyright owner provided with this content. Please go to the source to verify the license and copyright information for your use.""}","[{'authorId': '2537922', 'name': 'Travis Kriplean'}, {'authorId': '2637596', 'name': 'Ivan Beschastnikh'}, {'authorId': '144541497', 'name': 'David W. Mcdonald'}]",
30e3c07f5abf601073a7b1dbbbf7b7b74ef6975a,"{'MAG': '2017802096', 'DBLP': 'conf/cscw/PalenV08', 'DOI': '10.1145/1460563.1460583', 'CorpusId': 6195129}","The emergence of online widescale interaction in unexpected events: assistance, alliance & retreat",Conference on Computer Supported Cooperative Work,2008,"{'url': '', 'status': 'CLOSED', 'license': None, 'disclaimer': ""Notice: The following paper fields have been elided by the publisher: {'abstract'}. Paper or abstract available at https://api.unpaywall.org/v2/10.1145/1460563.1460583?email=<INSERT_YOUR_EMAIL> or https://doi.org/10.1145/1460563.1460583, which is subject to the license by the author or copyright owner provided with this content. Please go to the source to verify the license and copyright information for your use.""}","[{'authorId': '1759447', 'name': 'L. Palen'}, {'authorId': '3681090', 'name': 'Sarah Vieweg'}]",
383ff1fb2f13631dd1e891c043e6105ee0312edc,"{'DBLP': 'conf/cscw/Bietz08', 'MAG': '1970439492', 'DOI': '10.1145/1460563.1460637', 'CorpusId': 16501282}",Effects of communication media on the interpretation of critical feedback,Conference on Computer Supported Cooperative Work,2008,"{'url': '', 'status': 'CLOSED', 'license': None, 'disclaimer': ""Notice: The following paper fields have been elided by the publisher: {'abstract'}. Paper or abstract available at https://api.unpaywall.org/v2/10.1145/1460563.1460637?email=<INSERT_YOUR_EMAIL> or https://doi.org/10.1145/1460563.1460637, which is subject to the license by the author or copyright owner provided with this content. Please go to the source to verify the license and copyright information for your use.""}","[{'authorId': '1791654', 'name': 'Matthew J. Bietz'}]",
3c778f88e10f1d47b276caf1501d7e3028bdd38d,"{'DBLP': 'conf/cscw/NomuraBRLTG08', 'MAG': '2092983660', 'DOI': '10.1145/1460563.1460632', 'CorpusId': 15305312}",Cutting into collaboration: understanding coordination in distributed and interdisciplinary medical research,Conference on Computer Supported Cooperative Work,2008,"{'url': '', 'status': 'CLOSED', 'license': None, 'disclaimer': ""Notice: The following paper fields have been elided by the publisher: {'abstract'}. Paper or abstract available at https://api.unpaywall.org/v2/10.1145/1460563.1460632?email=<INSERT_YOUR_EMAIL> or https://doi.org/10.1145/1460563.1460632, which is subject to the license by the author or copyright owner provided with this content. Please go to the source to verify the license and copyright information for your use.""}","[{'authorId': '1798329', 'name': 'Saeko Nomura'}, {'authorId': None, 'name': 'Jeremy P. Birnholtz'}, {'authorId': '2267399741', 'name': 'Oya Y. Rieger'}, {'authorId': '3031161', 'name': 'Gilly Leshed'}, {'authorId': '3047871', 'name': 'Deborah Trumbull'}, {'authorId': '40413539', 'name': 'Geri Gay'}]",
40db0a30cd4a9a0e15502eb0db4191e0e178511d,"{'MAG': '2062913809', 'DBLP': 'conf/cscw/DantecE08', 'DOI': '10.1145/1460563.1460656', 'CorpusId': 8164337}","The view from the trenches: organization, power, and technology at two nonprofit homeless outreach centers",Conference on Computer Supported Cooperative Work,2008,"{'url': '', 'status': 'CLOSED', 'license': None, 'disclaimer': ""Notice: The following paper fields have been elided by the publisher: {'abstract'}. Paper or abstract available at https://api.unpaywall.org/v2/10.1145/1460563.1460656?email=<INSERT_YOUR_EMAIL> or https://doi.org/10.1145/1460563.1460656, which is subject to the license by the author or copyright owner provided with this content. Please go to the source to verify the license and copyright information for your use.""}","[{'authorId': '137168046', 'name': 'Christopher A. Le Dantec'}, {'authorId': '144473638', 'name': 'W. K. Edwards'}]",
412d961cf9164e62f32688ab05311b67f46225a9,"{'DBLP': 'conf/cscw/LampeES08', 'MAG': '2162209053', 'DOI': '10.1145/1460563.1460675', 'CorpusId': 32911002}",Changes in use and perception of facebook,Conference on Computer Supported Cooperative Work,2008,"{'url': 'http://www-personal.umich.edu/~enicole/LampeEllisonSteinfield2008.pdf', 'status': 'GREEN', 'license': None, 'disclaimer': ""Notice: The following paper fields have been elided by the publisher: {'abstract'}. Paper or abstract available at https://api.unpaywall.org/v2/10.1145/1460563.1460675?email=<INSERT_YOUR_EMAIL> or https://doi.org/10.1145/1460563.1460675, which is subject to the license by the author or copyright owner provided with this content. Please go to the source to verify the license and copyright information for your use.""}","[{'authorId': '145856934', 'name': 'Cliff Lampe'}, {'authorId': '1791021', 'name': 'N. Ellison'}, {'authorId': '1790028', 'name': 'C. Steinfield'}]",
4666993cbd67145b8601a034ed8946adc2cf866e,"{'MAG': '2027260883', 'DBLP': 'conf/cscw/VoidaVGH08', 'DOI': '10.1145/1460563.1460615', 'CorpusId': 6466713}",Asymmetry in media spaces,Conference on Computer Supported Cooperative Work,2008,"{'url': '', 'status': 'CLOSED', 'license': None, 'disclaimer': ""Notice: The following paper fields have been elided by the publisher: {'abstract'}. Paper or abstract available at https://api.unpaywall.org/v2/10.1145/1460563.1460615?email=<INSERT_YOUR_EMAIL> or https://doi.org/10.1145/1460563.1460615, which is subject to the license by the author or copyright owner provided with this content. Please go to the source to verify the license and copyright information for your use.""}","[{'authorId': '1805040', 'name': 'A. Voida'}, {'authorId': '1804450', 'name': 'Stephen Voida'}, {'authorId': '144343609', 'name': 'S. Greenberg'}, {'authorId': '2703330', 'name': 'Helen Ai He'}]",
4774a9ebf020f4fdae67643d94b38d9a8ce363d9,"{'DBLP': 'conf/cscw/RaderW08', 'MAG': '2143949053', 'DOI': '10.1145/1460563.1460601', 'CorpusId': 263868158}",Influences on tag choices in del.icio.us,Conference on Computer Supported Cooperative Work,2008,"{'url': 'http://www.pensivepuffin.com/dwmcphd/syllabi/insc547_wi13/papers/bookmarking/Rader-TagChoice-CSCW08.pdf', 'status': 'GREEN', 'license': None, 'disclaimer': ""Notice: The following paper fields have been elided by the publisher: {'abstract'}. Paper or abstract available at https://api.unpaywall.org/v2/10.1145/1460563.1460601?email=<INSERT_YOUR_EMAIL> or https://doi.org/10.1145/1460563.1460601, which is subject to the license by the author or copyright owner provided with this content. Please go to the source to verify the license and copyright information for your use.""}","[{'authorId': '145296363', 'name': 'E. Rader'}, {'authorId': '2927440', 'name': 'Rick Wash'}]",
4930beb8376b573914bd34ba29124a98e5244fef,"{'MAG': '2049262957', 'DBLP': 'conf/cscw/SteptoeWMGRSRS08', 'DOI': '10.1145/1460563.1460593', 'CorpusId': 14170834}",Eye-tracking for avatar eye-gaze and interactional analysis in immersive collaborative virtual environments,Conference on Computer Supported Cooperative Work,2008,"{'url': 'http://www.cs.ucl.ac.uk/staff/w.steptoe/files/steptoeCSCW08.pdf', 'status': 'GREEN', 'license': None, 'disclaimer': ""Notice: The following paper fields have been elided by the publisher: {'abstract'}. Paper or abstract available at https://api.unpaywall.org/v2/10.1145/1460563.1460593?email=<INSERT_YOUR_EMAIL> or https://doi.org/10.1145/1460563.1460593, which is subject to the license by the author or copyright owner provided with this content. Please go to the source to verify the license and copyright information for your use.""}","[{'authorId': '1812399', 'name': 'W. Steptoe'}, {'authorId': '2871147', 'name': 'R. Wolff'}, {'authorId': '49619407', 'name': 'A. Murgia'}, {'authorId': '2059575697', 'name': 'Estefania Guimaraes'}, {'authorId': '145852462', 'name': 'John P Rae'}, {'authorId': '1848117', 'name': 'P. Sharkey'}, {'authorId': '144993532', 'name': 'David J. Roberts'}, {'authorId': '143903462', 'name': 'A. Steed'}]",
4d158e89e4faddd6bc3c0ea50bfa357ec574768d,"{'DBLP': 'conf/cscw/GrimesBBG08', 'MAG': '2155987657', 'DOI': '10.1145/1460563.1460579', 'CorpusId': 8113305}",EatWell: sharing nutrition-related memories in a low-income community,Conference on Computer Supported Cooperative Work,2008,"{'url': '', 'status': 'CLOSED', 'license': None, 'disclaimer': ""Notice: The following paper fields have been elided by the publisher: {'abstract'}. Paper or abstract available at https://api.unpaywall.org/v2/10.1145/1460563.1460579?email=<INSERT_YOUR_EMAIL> or https://doi.org/10.1145/1460563.1460579, which is subject to the license by the author or copyright owner provided with this content. Please go to the source to verify the license and copyright information for your use.""}","[{'authorId': '48637441', 'name': 'Andrea Grimes'}, {'authorId': '2074743827', 'name': 'Martin Bednár'}, {'authorId': '2393402', 'name': 'J. Bolter'}, {'authorId': '1707373', 'name': 'Rebecca E. Grinter'}]",
4d4d53a82d105f6d1b5c4a12778dd5667641c387,"{'DBLP': 'conf/cscw/MorrisTB08', 'MAG': '2127194912', 'DOI': '10.1145/1460563.1460640', 'CorpusId': 27420}","Enhancing collaborative web search with personalization: groupization, smart splitting, and group hit-highlighting",Conference on Computer Supported Cooperative Work,2008,"{'url': '', 'status': 'CLOSED', 'license': None, 'disclaimer': ""Notice: The following paper fields have been elided by the publisher: {'abstract'}. Paper or abstract available at https://api.unpaywall.org/v2/10.1145/1460563.1460640?email=<INSERT_YOUR_EMAIL> or https://doi.org/10.1145/1460563.1460640, which is subject to the license by the author or copyright owner provided with this content. Please go to the source to verify the license and copyright information for your use.""}","[{'authorId': '144844426', 'name': 'M. Morris'}, {'authorId': '144113253', 'name': 'J. Teevan'}, {'authorId': '123499990', 'name': 'Steve Bush'}]",
4e9ca61a876d5eb70905ffa0b54ceda1eca3b253,"{'MAG': '2093480241', 'DBLP': 'conf/cscw/TolmieC08', 'DOI': '10.1145/1460563.1460662', 'CorpusId': 14127233}",Deploying research technology in the home,Conference on Computer Supported Cooperative Work,2008,"{'url': '', 'status': 'CLOSED', 'license': None, 'disclaimer': ""Notice: The following paper fields have been elided by the publisher: {'abstract'}. Paper or abstract available at https://api.unpaywall.org/v2/10.1145/1460563.1460662?email=<INSERT_YOUR_EMAIL> or https://doi.org/10.1145/1460563.1460662, which is subject to the license by the author or copyright owner provided with this content. Please go to the source to verify the license and copyright information for your use.""}","[{'authorId': '1834641', 'name': 'P. Tolmie'}, {'authorId': '1713085', 'name': 'Andy Crabtree'}]",
5046823fc8ed25c92792d0e02808fcd7631f22c8,"{'DBLP': 'conf/cscw/ShklovskiPS08', 'MAG': '2139977864', 'DOI': '10.1145/1460563.1460584', 'CorpusId': 17390239}",Finding community through information and communication technology in disaster response,Conference on Computer Supported Cooperative Work,2008,"{'url': '', 'status': 'CLOSED', 'license': None, 'disclaimer': ""Notice: The following paper fields have been elided by the publisher: {'abstract'}. Paper or abstract available at https://api.unpaywall.org/v2/10.1145/1460563.1460584?email=<INSERT_YOUR_EMAIL> or https://doi.org/10.1145/1460563.1460584, which is subject to the license by the author or copyright owner provided with this content. Please go to the source to verify the license and copyright information for your use.""}","[{'authorId': '2692274', 'name': 'Irina Shklovski'}, {'authorId': '1759447', 'name': 'L. Palen'}, {'authorId': '35464043', 'name': 'J. Sutton'}]",
517aab5b3a7b1e207c44ff05b9ae47620ce181e7,"{'DBLP': 'conf/cscw/GuyJMRS08', 'MAG': '2037297037', 'DOI': '10.1145/1460563.1460627', 'CorpusId': 207170583}",Public vs. private: comparing public social network information with email,Conference on Computer Supported Cooperative Work,2008,"{'url': '', 'status': 'CLOSED', 'license': None, 'disclaimer': ""Notice: The following paper fields have been elided by the publisher: {'abstract'}. Paper or abstract available at https://api.unpaywall.org/v2/10.1145/1460563.1460627?email=<INSERT_YOUR_EMAIL> or https://doi.org/10.1145/1460563.1460627, which is subject to the license by the author or copyright owner provided with this content. Please go to the source to verify the license and copyright information for your use.""}","[{'authorId': '1750703', 'name': 'Ido Guy'}, {'authorId': '2697312', 'name': 'Michal Jacovi'}, {'authorId': '48289481', 'name': 'Noga Meshulam'}, {'authorId': '32103099', 'name': 'Inbal Ronen'}, {'authorId': '2069665070', 'name': 'Elad Shahar'}]",
540858347872c2ae61c17732414c828f0b5ac028,"{'DBLP': 'conf/cscw/SinghT08', 'MAG': '2002368823', 'DOI': '10.1145/1460563.1460670', 'CorpusId': 30582371}",The confusion of crowds: non-dyadic help interactions,Conference on Computer Supported Cooperative Work,2008,"{'url': '', 'status': 'CLOSED', 'license': None, 'disclaimer': ""Notice: The following paper fields have been elided by the publisher: {'abstract'}. Paper or abstract available at https://api.unpaywall.org/v2/10.1145/1460563.1460670?email=<INSERT_YOUR_EMAIL> or https://doi.org/10.1145/1460563.1460670, which is subject to the license by the author or copyright owner provided with this content. Please go to the source to verify the license and copyright information for your use.""}","[{'authorId': '107736176', 'name': 'Vandana Singh'}, {'authorId': '1772877', 'name': 'M. Twidale'}]",
56199ec8904d5eb5ec1bcd0952b7b5acd7753249,"{'MAG': '2079725066', 'DBLP': 'conf/cscw/JohansenSHEB08', 'DOI': '10.1145/1460563.1460646', 'CorpusId': 15600012}","""Garbage in, garbage out"": extracting disease surveillance data from epr systems in primary care",Conference on Computer Supported Cooperative Work,2008,"{'url': '', 'status': 'CLOSED', 'license': None, 'disclaimer': ""Notice: The following paper fields have been elided by the publisher: {'abstract'}. Paper or abstract available at https://api.unpaywall.org/v2/10.1145/1460563.1460646?email=<INSERT_YOUR_EMAIL> or https://doi.org/10.1145/1460563.1460646, which is subject to the license by the author or copyright owner provided with this content. Please go to the source to verify the license and copyright information for your use.""}","[{'authorId': '48546446', 'name': 'M. Johansen'}, {'authorId': '2196908', 'name': 'J. Scholl'}, {'authorId': '35302407', 'name': 'P. Hasvold'}, {'authorId': '2613354', 'name': 'G. Ellingsen'}, {'authorId': '1722341', 'name': 'J. G. Bellika'}]",
594ac03e5a224b426dc7029df982d0f7f53b789a,"{'MAG': '2053371265', 'DBLP': 'conf/cscw/AvrahamiFH08', 'DOI': '10.1145/1460563.1460610', 'CorpusId': 832117}",IM waiting: timing and responsiveness in semi-synchronous communication,Conference on Computer Supported Cooperative Work,2008,"{'url': '', 'status': 'CLOSED', 'license': None, 'disclaimer': ""Notice: The following paper fields have been elided by the publisher: {'abstract'}. Paper or abstract available at https://api.unpaywall.org/v2/10.1145/1460563.1460610?email=<INSERT_YOUR_EMAIL> or https://doi.org/10.1145/1460563.1460610, which is subject to the license by the author or copyright owner provided with this content. Please go to the source to verify the license and copyright information for your use.""}","[{'authorId': '2667384', 'name': 'Daniel Avrahami'}, {'authorId': '1692772', 'name': 'Susan R. Fussell'}, {'authorId': '1749296', 'name': 'Scott E. Hudson'}]",
5a405109e917b415ff782504c5e1e00825fecb74,"{'DBLP': 'conf/cscw/DiamantFL08', 'MAG': '2157459496', 'DOI': '10.1145/1460563.1460625', 'CorpusId': 63683}",Where did we turn wrong?: unpacking the effect of culture and technology on attributions of team performance,Conference on Computer Supported Cooperative Work,2008,"{'url': '', 'status': 'CLOSED', 'license': None, 'disclaimer': ""Notice: The following paper fields have been elided by the publisher: {'abstract'}. Paper or abstract available at https://api.unpaywall.org/v2/10.1145/1460563.1460625?email=<INSERT_YOUR_EMAIL> or https://doi.org/10.1145/1460563.1460625, which is subject to the license by the author or copyright owner provided with this content. Please go to the source to verify the license and copyright information for your use.""}","[{'authorId': '143875687', 'name': 'E. Diamant'}, {'authorId': '1692772', 'name': 'Susan R. Fussell'}, {'authorId': '2910973', 'name': 'Fen-ly Lo'}]",
5a5d9a3d70aa7f5fe8fd3e68d1b6bdd1553abd58,"{'DBLP': 'conf/cscw/NakanishiMNI08', 'MAG': '2104627766', 'DOI': '10.1145/1460563.1460614', 'CorpusId': 1449883}",Minimum movement matters: impact of robot-mounted cameras on social telepresence,Conference on Computer Supported Cooperative Work,2008,"{'url': '', 'status': 'CLOSED', 'license': None, 'disclaimer': ""Notice: The following paper fields have been elided by the publisher: {'abstract'}. Paper or abstract available at https://api.unpaywall.org/v2/10.1145/1460563.1460614?email=<INSERT_YOUR_EMAIL> or https://doi.org/10.1145/1460563.1460614, which is subject to the license by the author or copyright owner provided with this content. Please go to the source to verify the license and copyright information for your use.""}","[{'authorId': '2268916', 'name': 'Hideyuki Nakanishi'}, {'authorId': '2072780367', 'name': 'Yuki Murakami'}, {'authorId': '2392790890', 'name': 'Daisuke Nogami'}, {'authorId': '1687808', 'name': 'H. Ishiguro'}]",
5b9544a91b7b7e59b94c1722a28014f525ec5de9,"{'DBLP': 'conf/cscw/StuckelG08', 'MAG': '2096244445', 'DOI': '10.1145/1460563.1460635', 'CorpusId': 16675745}",The effects of local lag on tightly-coupled interaction in distributed groupware,Conference on Computer Supported Cooperative Work,2008,"{'url': '', 'status': 'CLOSED', 'license': None, 'disclaimer': ""Notice: The following paper fields have been elided by the publisher: {'abstract'}. Paper or abstract available at https://api.unpaywall.org/v2/10.1145/1460563.1460635?email=<INSERT_YOUR_EMAIL> or https://doi.org/10.1145/1460563.1460635, which is subject to the license by the author or copyright owner provided with this content. Please go to the source to verify the license and copyright information for your use.""}","[{'authorId': '3218586', 'name': 'Dane Stuckel'}, {'authorId': '1693768', 'name': 'C. Gutwin'}]",
5ead79bbdb5d396f3a5900ff1b71ee44e8061dca,"{'MAG': '2065100127', 'DBLP': 'conf/cscw/KitturK08', 'DOI': '10.1145/1460563.1460572', 'CorpusId': 1184433}",Harnessing the wisdom of crowds in wikipedia: quality through coordination,Conference on Computer Supported Cooperative Work,2008,"{'url': '', 'status': 'CLOSED', 'license': None, 'disclaimer': ""Notice: The following paper fields have been elided by the publisher: {'abstract'}. Paper or abstract available at https://api.unpaywall.org/v2/10.1145/1460563.1460572?email=<INSERT_YOUR_EMAIL> or https://doi.org/10.1145/1460563.1460572, which is subject to the license by the author or copyright owner provided with this content. Please go to the source to verify the license and copyright information for your use.""}","[{'authorId': '145234497', 'name': 'A. Kittur'}, {'authorId': '1702853', 'name': 'R. Kraut'}]",
6545e8f5f16d0a49580d87b99f8a1608c8668dcd,"{'DBLP': 'conf/cscw/CaoMB08', 'MAG': '2139800043', 'DOI': '10.1145/1460563.1460577', 'CorpusId': 1147147}",Flashlight jigsaw: an exploratory study of an ad-hoc multi-player game on public displays,Conference on Computer Supported Cooperative Work,2008,"{'url': '', 'status': 'CLOSED', 'license': None, 'disclaimer': ""Notice: The following paper fields have been elided by the publisher: {'abstract'}. Paper or abstract available at https://api.unpaywall.org/v2/10.1145/1460563.1460577?email=<INSERT_YOUR_EMAIL> or https://doi.org/10.1145/1460563.1460577, which is subject to the license by the author or copyright owner provided with this content. Please go to the source to verify the license and copyright information for your use.""}","[{'authorId': '2149213356', 'name': 'Xiang Cao'}, {'authorId': '2750409', 'name': 'M. Massimi'}, {'authorId': '1748870', 'name': 'Ravin Balakrishnan'}]",
67640980cd23755955453de3182ddcaf2d4228fa,"{'MAG': '2125740856', 'DBLP': 'conf/cscw/BurkeK08a', 'DOI': '10.1145/1460563.1460609', 'CorpusId': 137965}",Mind your Ps and Qs: the impact of politeness and rudeness in online communities,Conference on Computer Supported Cooperative Work,2008,"{'url': '', 'status': 'CLOSED', 'license': None, 'disclaimer': ""Notice: The following paper fields have been elided by the publisher: {'abstract'}. Paper or abstract available at https://api.unpaywall.org/v2/10.1145/1460563.1460609?email=<INSERT_YOUR_EMAIL> or https://doi.org/10.1145/1460563.1460609, which is subject to the license by the author or copyright owner provided with this content. Please go to the source to verify the license and copyright information for your use.""}","[{'authorId': '143838985', 'name': 'Moira Burke'}, {'authorId': '1702853', 'name': 'R. Kraut'}]",
68c304f87a2c9e1033c02020cc156a9af549b8c4,"{'DBLP': 'conf/cscw/ChungH08', 'MAG': '2075124514', 'DOI': '10.1145/1460563.1460649', 'CorpusId': 1862701}","Network structure, position, ties and ICT use in distributed knowledge-intensive work",Conference on Computer Supported Cooperative Work,2008,"{'url': '', 'status': 'CLOSED', 'license': None, 'disclaimer': ""Notice: The following paper fields have been elided by the publisher: {'abstract'}. Paper or abstract available at https://api.unpaywall.org/v2/10.1145/1460563.1460649?email=<INSERT_YOUR_EMAIL> or https://doi.org/10.1145/1460563.1460649, which is subject to the license by the author or copyright owner provided with this content. Please go to the source to verify the license and copyright information for your use.""}","[{'authorId': '2429762', 'name': 'K. S. Chung'}, {'authorId': '1755575', 'name': 'L. Hossain'}]",
7154a9d931875ae4f30fff7b03fa83f5fe72ea08,"{'DBLP': 'conf/cscw/Christensen08', 'MAG': '2006526152', 'DOI': '10.1145/1460563.1460652', 'CorpusId': 9614136}",The logic of practices of stigmergy: representational artifacts in architectural design,Conference on Computer Supported Cooperative Work,2008,"{'url': '', 'status': 'CLOSED', 'license': None, 'disclaimer': ""Notice: The following paper fields have been elided by the publisher: {'abstract'}. Paper or abstract available at https://api.unpaywall.org/v2/10.1145/1460563.1460652?email=<INSERT_YOUR_EMAIL> or https://doi.org/10.1145/1460563.1460652, which is subject to the license by the author or copyright owner provided with this content. Please go to the source to verify the license and copyright information for your use.""}","[{'authorId': '21297321', 'name': 'L. Christensen'}]",
72f97afce2d3b4d2f203ade99cdc6b78cd6ea016,"{'MAG': '2125285376', 'DBLP': 'conf/cscw/WallaceMI08', 'DOI': '10.1145/1460563.1460588', 'CorpusId': 7432488}",Comparing content and input redirection in MDEs,Conference on Computer Supported Cooperative Work,2008,"{'url': 'http://hci.usask.ca/publications/2008/610-wallace.pdf', 'status': 'GREEN', 'license': None, 'disclaimer': 'Notice: Paper or abstract available at https://api.unpaywall.org/v2/10.1145/1460563.1460588?email=<INSERT_YOUR_EMAIL> or https://doi.org/10.1145/1460563.1460588, which is subject to the license by the author or copyright owner provided with this content. Please go to the source to verify the license and copyright information for your use.'}","[{'authorId': '144158717', 'name': 'James R. Wallace'}, {'authorId': '1788745', 'name': 'R. Mandryk'}, {'authorId': '1781500', 'name': 'K. Quinn'}]","Designers of Multi-Display Environments (MDEs) often use input redirection to allow users to manipulate content on multiple displays with a single interaction device, but users seated at sub-optimal positions (i.e., not facing the display) may find interaction difficult or frustrating. In collaborative MDEs, users should be able to choose their preferred collaborative arrangement, rather than adjusting to the limitations of the technology. We compare content and input redirection from a variety of seating positions in an MDE. Results from our studies show that content redirection does not suffer from performance loss in sub-optimal seating positions, as opposed to input redirection, which does. Content redirection provides a method for all members of a group to interact with shared content regardless of their position relative to a shared display."
75659092f89c08f07041be30668abccc40a83d00,"{'MAG': '2089142163', 'DBLP': 'conf/cscw/TangC08', 'DOI': '10.1145/1460563.1460596', 'CorpusId': 240008}",Evaluating the deployment of a mobile technology in a hospital ward,Conference on Computer Supported Cooperative Work,2008,"{'url': 'http://innovis.cpsc.ucalgary.ca/innovis/uploads/Publications/Publications/Tang_2008_CSCW.pdf', 'status': 'GREEN', 'license': None, 'disclaimer': ""Notice: The following paper fields have been elided by the publisher: {'abstract'}. Paper or abstract available at https://api.unpaywall.org/v2/10.1145/1460563.1460596?email=<INSERT_YOUR_EMAIL> or https://doi.org/10.1145/1460563.1460596, which is subject to the license by the author or copyright owner provided with this content. Please go to the source to verify the license and copyright information for your use.""}","[{'authorId': '40299249', 'name': 'Charlotte Tang'}, {'authorId': '96301418', 'name': 'Sheelagh Carpendale'}]",
792d6dc7a6ec43d44d72d13dd6fb19a1559e6935,"{'MAG': '2007781964', 'DBLP': 'conf/cscw/BayerlL08', 'DOI': '10.1145/1460563.1460631', 'CorpusId': 1288836}",Coordinating high-interdependency tasks in asymmetric distributed teams,Conference on Computer Supported Cooperative Work,2008,"{'url': '', 'status': 'CLOSED', 'license': None, 'disclaimer': ""Notice: The following paper fields have been elided by the publisher: {'abstract'}. Paper or abstract available at https://api.unpaywall.org/v2/10.1145/1460563.1460631?email=<INSERT_YOUR_EMAIL> or https://doi.org/10.1145/1460563.1460631, which is subject to the license by the author or copyright owner provided with this content. Please go to the source to verify the license and copyright information for your use.""}","[{'authorId': '3338514', 'name': 'P. Bayerl'}, {'authorId': '3186943', 'name': 'K. Lauche'}]",
7a514e2a3639751f4f810d6ddfc1fc095a3ba5a9,"{'MAG': '1966435515', 'DBLP': 'conf/cscw/AbrahamR08', 'DOI': '10.1145/1460563.1460598', 'CorpusId': 4821730}",Moving patients around: a field study of coordination between clinical and non-clinical staff in hospitals,Conference on Computer Supported Cooperative Work,2008,"{'url': '', 'status': 'CLOSED', 'license': None, 'disclaimer': ""Notice: The following paper fields have been elided by the publisher: {'abstract'}. Paper or abstract available at https://api.unpaywall.org/v2/10.1145/1460563.1460598?email=<INSERT_YOUR_EMAIL> or https://doi.org/10.1145/1460563.1460598, which is subject to the license by the author or copyright owner provided with this content. Please go to the source to verify the license and copyright information for your use.""}","[{'authorId': '2627278', 'name': 'Joanna Abraham'}, {'authorId': '145526578', 'name': 'Madhu C. Reddy'}]",
7ba1dccb211a79b572b6660be1cad71c06535820,"{'DBLP': 'conf/cscw/Dabbish08', 'MAG': '2043671599', 'DOI': '10.1145/1460563.1460620', 'CorpusId': 13548253}",Jumpstarting relationships with online games: evidence from a laboratory investigation,Conference on Computer Supported Cooperative Work,2008,"{'url': '', 'status': 'CLOSED', 'license': None, 'disclaimer': ""Notice: The following paper fields have been elided by the publisher: {'abstract'}. Paper or abstract available at https://api.unpaywall.org/v2/10.1145/1460563.1460620?email=<INSERT_YOUR_EMAIL> or https://doi.org/10.1145/1460563.1460620, which is subject to the license by the author or copyright owner provided with this content. Please go to the source to verify the license and copyright information for your use.""}","[{'authorId': '1784365', 'name': 'Laura A. Dabbish'}]",
838bb4a8d589dd728d97c7370ae47a79dcf8d0f4,"{'MAG': '2144144806', 'DBLP': 'conf/cscw/BrownHIPB08', 'DOI': '10.1145/1460563.1460628', 'CorpusId': 7025711}",Social networks and context-aware spam,Conference on Computer Supported Cooperative Work,2008,"{'url': 'http://www.eecs.umich.edu/~aprakash/papers/cscw08_socialnetworkspam.pdf', 'status': 'GREEN', 'license': None, 'disclaimer': ""Notice: The following paper fields have been elided by the publisher: {'abstract'}. Paper or abstract available at https://api.unpaywall.org/v2/10.1145/1460563.1460628?email=<INSERT_YOUR_EMAIL> or https://doi.org/10.1145/1460563.1460628, which is subject to the license by the author or copyright owner provided with this content. Please go to the source to verify the license and copyright information for your use.""}","[{'authorId': '145841781', 'name': 'Garrett Brown'}, {'authorId': '39062157', 'name': 'Travis Howe'}, {'authorId': '2405601', 'name': 'Micheal Ihbe'}, {'authorId': '49428189', 'name': 'A. Prakash'}, {'authorId': '1827961', 'name': 'Kevin Borders'}]",
83e0060345b6a105a45696f2c6d69b790db1e1f7,"{'MAG': '2139061966', 'DBLP': 'conf/cscw/Fu08', 'DOI': '10.1145/1460563.1460600', 'CorpusId': 2202814}",The microstructures of social tagging: a rational model,Conference on Computer Supported Cooperative Work,2008,"{'url': '', 'status': 'CLOSED', 'license': None, 'disclaimer': ""Notice: The following paper fields have been elided by the publisher: {'abstract'}. Paper or abstract available at https://api.unpaywall.org/v2/10.1145/1460563.1460600?email=<INSERT_YOUR_EMAIL> or https://doi.org/10.1145/1460563.1460600, which is subject to the license by the author or copyright owner provided with this content. Please go to the source to verify the license and copyright information for your use.""}","[{'authorId': '1947334', 'name': 'Wai-Tat Fu'}]",
8564d63571a7fe3743766fdba9ba49a638d1101d,"{'MAG': '2340592541', 'DBLP': 'conf/cscw/PlodererHT08', 'DOI': '10.1145/1460563.1460618', 'CorpusId': 16860638}","Being online, living offline: the influence of social ties over the appropriation of social network sites",Conference on Computer Supported Cooperative Work,2008,"{'url': '', 'status': 'CLOSED', 'license': None, 'disclaimer': ""Notice: The following paper fields have been elided by the publisher: {'abstract'}. Paper or abstract available at https://api.unpaywall.org/v2/10.1145/1460563.1460618?email=<INSERT_YOUR_EMAIL> or https://doi.org/10.1145/1460563.1460618, which is subject to the license by the author or copyright owner provided with this content. Please go to the source to verify the license and copyright information for your use.""}","[{'authorId': '1715637', 'name': 'Bernd Ploderer'}, {'authorId': '143742833', 'name': 'S. Howard'}, {'authorId': '2147291648', 'name': 'Peter Thomas'}]",
9193ba43cdc1f8c30f601ccf2e5b6d2ec5cecf73,"{'MAG': '2102089959', 'DBLP': 'conf/cscw/PriedhorskyT08', 'DOI': '10.1145/1460563.1460606', 'CorpusId': 8617892}","The computational geowiki: what, why, and how",Conference on Computer Supported Cooperative Work,2008,"{'url': '', 'status': 'CLOSED', 'license': None, 'disclaimer': ""Notice: The following paper fields have been elided by the publisher: {'abstract'}. Paper or abstract available at https://api.unpaywall.org/v2/10.1145/1460563.1460606?email=<INSERT_YOUR_EMAIL> or https://doi.org/10.1145/1460563.1460606, which is subject to the license by the author or copyright owner provided with this content. Please go to the source to verify the license and copyright information for your use.""}","[{'authorId': '1733803', 'name': 'R. Priedhorsky'}, {'authorId': '1739628', 'name': 'L. Terveen'}]",
929952ddba3d24deb21f3640371cf503728d972c,"{'MAG': '2123329585', 'DBLP': 'conf/cscw/DanisS08', 'DOI': '10.1145/1460563.1460642', 'CorpusId': 17885311}","A wiki instance in the enterprise: opportunities, concerns and reality",Conference on Computer Supported Cooperative Work,2008,"{'url': '', 'status': 'CLOSED', 'license': None, 'disclaimer': ""Notice: The following paper fields have been elided by the publisher: {'abstract'}. Paper or abstract available at https://api.unpaywall.org/v2/10.1145/1460563.1460642?email=<INSERT_YOUR_EMAIL> or https://doi.org/10.1145/1460563.1460642, which is subject to the license by the author or copyright owner provided with this content. Please go to the source to verify the license and copyright information for your use.""}","[{'authorId': '143824770', 'name': 'Catalina Danis'}, {'authorId': '2061782255', 'name': 'David Singer'}]",
9c4a48a44e01fc8bb29e096a1f35bb99db9cf0ec,"{'MAG': '2049230418', 'DBLP': 'conf/cscw/DekelH08', 'DOI': '10.1145/1460563.1460565', 'CorpusId': 17055137}",Pushing relevant artifact annotations in collaborative software development,Conference on Computer Supported Cooperative Work,2008,"{'url': 'http://www.cs.cmu.edu/~udekel/papers/udekel_pushing_cscw08.pdf', 'status': 'GREEN', 'license': None, 'disclaimer': ""Notice: The following paper fields have been elided by the publisher: {'abstract'}. Paper or abstract available at https://api.unpaywall.org/v2/10.1145/1460563.1460565?email=<INSERT_YOUR_EMAIL> or https://doi.org/10.1145/1460563.1460565, which is subject to the license by the author or copyright owner provided with this content. Please go to the source to verify the license and copyright information for your use.""}","[{'authorId': '2363404', 'name': 'Uri Dekel'}, {'authorId': '1705550', 'name': 'J. Herbsleb'}]",
9e609edf12c0698f96fb3aff800866379e320977,"{'DBLP': 'conf/cscw/KimKPA08', 'MAG': '2117501268', 'DOI': '10.1145/1460563.1460660', 'CorpusId': 15286635}",Are you sleeping?: sharing portrayed sleeping status within a social network,Conference on Computer Supported Cooperative Work,2008,"{'url': '', 'status': 'CLOSED', 'license': None, 'disclaimer': ""Notice: The following paper fields have been elided by the publisher: {'abstract'}. Paper or abstract available at https://api.unpaywall.org/v2/10.1145/1460563.1460660?email=<INSERT_YOUR_EMAIL> or https://doi.org/10.1145/1460563.1460660, which is subject to the license by the author or copyright owner provided with this content. Please go to the source to verify the license and copyright information for your use.""}","[{'authorId': '2109659110', 'name': 'Sunyoung Kim'}, {'authorId': '1738606', 'name': 'J. Kientz'}, {'authorId': '1701358', 'name': 'Shwetak N. Patel'}, {'authorId': '9267108', 'name': 'G. Abowd'}]",
9fa344e361f8d35e3c5a19b6e43813add7026d47,"{'DBLP': 'conf/cscw/MarkS08', 'MAG': '2110177268', 'DOI': '10.1145/1460563.1460585', 'CorpusId': 6056810}",Resilience in collaboration: technology as a resource for new patterns of action,Conference on Computer Supported Cooperative Work,2008,"{'url': '', 'status': 'CLOSED', 'license': None, 'disclaimer': ""Notice: The following paper fields have been elided by the publisher: {'abstract'}. Paper or abstract available at https://api.unpaywall.org/v2/10.1145/1460563.1460585?email=<INSERT_YOUR_EMAIL> or https://doi.org/10.1145/1460563.1460585, which is subject to the license by the author or copyright owner provided with this content. Please go to the source to verify the license and copyright information for your use.""}","[{'authorId': '143750317', 'name': 'Gloria Mark'}, {'authorId': '3356301', 'name': 'Bryan C. Semaan'}]",
9fb0fe95ad54c0cb20355fed800c2db9233d5348,"{'MAG': '2105664710', 'DBLP': 'conf/cscw/BrushIT08', 'DOI': '10.1145/1460563.1460661', 'CorpusId': 316117}",SPARCS: exploring sharing suggestions to enhance family connectedness,Conference on Computer Supported Cooperative Work,2008,"{'url': '', 'status': 'CLOSED', 'license': None, 'disclaimer': ""Notice: The following paper fields have been elided by the publisher: {'abstract'}. Paper or abstract available at https://api.unpaywall.org/v2/10.1145/1460563.1460661?email=<INSERT_YOUR_EMAIL> or https://doi.org/10.1145/1460563.1460661, which is subject to the license by the author or copyright owner provided with this content. Please go to the source to verify the license and copyright information for your use.""}","[{'authorId': '2286024783', 'name': 'A. J. B. Brush'}, {'authorId': '51306063', 'name': 'K. Inkpen'}, {'authorId': '40167922', 'name': 'Kimberly Tee'}]",
a1737fbc22e25f17b79c82e058ca82af5d1048da,"{'MAG': '280903413', 'CorpusId': 58135328}",Supporting mobile cooperative services across 3G cellular networks,Conference on Computer Supported Cooperative Work,2008,"{'url': '', 'status': None, 'license': None}","[{'authorId': '100671739', 'name': 'Kharsim Yousef'}, {'authorId': '1400661573', 'name': ""E. O'Neill""}]",
a54e3b5a7fb513e9e3e7ce801b3a315064cb4605,"{'DBLP': 'conf/cscw/BardzellBPR08', 'MAG': '2000696692', 'DOI': '10.1145/1460563.1460621', 'CorpusId': 17089698}",Blissfully productive: grouping and cooperation in world of warcraft instance runs,Conference on Computer Supported Cooperative Work,2008,"{'url': '', 'status': 'CLOSED', 'license': None, 'disclaimer': ""Notice: The following paper fields have been elided by the publisher: {'abstract'}. Paper or abstract available at https://api.unpaywall.org/v2/10.1145/1460563.1460621?email=<INSERT_YOUR_EMAIL> or https://doi.org/10.1145/1460563.1460621, which is subject to the license by the author or copyright owner provided with this content. Please go to the source to verify the license and copyright information for your use.""}","[{'authorId': '1800842', 'name': 'Shaowen Bardzell'}, {'authorId': '1804390', 'name': 'Jeffrey Bardzell'}, {'authorId': '3184966', 'name': 'Tyler M. Pace'}, {'authorId': '2104033', 'name': 'Kayce N. Reed'}]",
acd9f3575b7dda7028c2687234963c53c10a221d,"{'DBLP': 'conf/cscw/McCarthyCH08', 'MAG': '2037954198', 'DOI': '10.1145/1460563.1460580', 'CorpusId': 10093436}","The context, content & community collage: sharing personal digital media in the physical workplace",Conference on Computer Supported Cooperative Work,2008,"{'url': '', 'status': 'CLOSED', 'license': None, 'disclaimer': ""Notice: The following paper fields have been elided by the publisher: {'abstract'}. Paper or abstract available at https://api.unpaywall.org/v2/10.1145/1460563.1460580?email=<INSERT_YOUR_EMAIL> or https://doi.org/10.1145/1460563.1460580, which is subject to the license by the author or copyright owner provided with this content. Please go to the source to verify the license and copyright information for your use.""}","[{'authorId': '25586981', 'name': 'J. F. McCarthy'}]",
adc28943bf6f3333af29bc871d9eecffcaeebb6f,"{'MAG': '2129987023', 'DBLP': 'conf/cscw/TabardME08', 'DOI': '10.1145/1460563.1460653', 'CorpusId': 7328402}","From individual to collaborative: the evolution of prism, a hybrid laboratory notebook",Conference on Computer Supported Cooperative Work,2008,"{'url': '', 'status': 'CLOSED', 'license': None, 'disclaimer': ""Notice: The following paper fields have been elided by the publisher: {'abstract'}. Paper or abstract available at https://api.unpaywall.org/v2/10.1145/1460563.1460653?email=<INSERT_YOUR_EMAIL> or https://doi.org/10.1145/1460563.1460653, which is subject to the license by the author or copyright owner provided with this content. Please go to the source to verify the license and copyright information for your use.""}","[{'authorId': '2457286', 'name': 'A. Tabard'}, {'authorId': '1732917', 'name': 'W. Mackay'}, {'authorId': '1706617', 'name': 'Evelyn Eastmond'}]",
b5282b4866a0b348bb39d1f46c9ad8c2822af871,"{'DBLP': 'conf/cscw/WangJR08', 'MAG': '2054841311', 'DOI': '10.1145/1460563.1460650', 'CorpusId': 17787150}",Investigating the effect of discussion forum interface affordances on patterns of conversational interactions,Conference on Computer Supported Cooperative Work,2008,"{'url': '', 'status': 'CLOSED', 'license': None, 'disclaimer': ""Notice: The following paper fields have been elided by the publisher: {'abstract'}. Paper or abstract available at https://api.unpaywall.org/v2/10.1145/1460563.1460650?email=<INSERT_YOUR_EMAIL> or https://doi.org/10.1145/1460563.1460650, which is subject to the license by the author or copyright owner provided with this content. Please go to the source to verify the license and copyright information for your use.""}","[{'authorId': '1697737', 'name': 'Yi-Chia Wang'}, {'authorId': '46255019', 'name': 'Mahesh Joshi'}, {'authorId': '35959897', 'name': 'C. Rosé'}]",
b5ec51e5debc073dd415da8713e094e267fd9591,"{'DBLP': 'conf/cscw/HsiehKHW08', 'MAG': '2021475164', 'DOI': '10.1145/1460563.1460648', 'CorpusId': 675221}",Can markets help?: applying market mechanisms to improve synchronous communication,Conference on Computer Supported Cooperative Work,2008,"{'url': '', 'status': 'CLOSED', 'license': None, 'disclaimer': ""Notice: The following paper fields have been elided by the publisher: {'abstract'}. Paper or abstract available at https://api.unpaywall.org/v2/10.1145/1460563.1460648?email=<INSERT_YOUR_EMAIL> or https://doi.org/10.1145/1460563.1460648, which is subject to the license by the author or copyright owner provided with this content. Please go to the source to verify the license and copyright information for your use.""}","[{'authorId': '1786841', 'name': 'Gary Hsieh'}, {'authorId': '1702853', 'name': 'R. Kraut'}, {'authorId': '1749296', 'name': 'Scott E. Hudson'}, {'authorId': '2557660', 'name': 'Roberto A. Weber'}]",
b6752f4582df5bf9e536c0ae09225661c02ee9f7,"{'DBLP': 'conf/cscw/CampbellNF08', 'MAG': '2006140254', 'DOI': '10.1145/1460563.1460603', 'CorpusId': 4404791}",Game design principles in everyday fitness applications,Conference on Computer Supported Cooperative Work,2008,"{'url': '', 'status': 'CLOSED', 'license': None, 'disclaimer': ""Notice: The following paper fields have been elided by the publisher: {'abstract'}. Paper or abstract available at https://api.unpaywall.org/v2/10.1145/1460563.1460603?email=<INSERT_YOUR_EMAIL> or https://doi.org/10.1145/1460563.1460603, which is subject to the license by the author or copyright owner provided with this content. Please go to the source to verify the license and copyright information for your use.""}","[{'authorId': '46325698', 'name': 'T. Campbell'}, {'authorId': '2076917495', 'name': 'B. Ngo'}, {'authorId': '145504534', 'name': 'J. Fogarty'}]",
b8ab810d586a95e85fce7b335ab2ce427d39cc75,"{'MAG': '2098461445', 'DBLP': 'conf/cscw/ReillyMWI08', 'DOI': '10.1145/1460563.1460604', 'CorpusId': 34821526}",Small details: using one device to navigate together,Conference on Computer Supported Cooperative Work,2008,"{'url': '', 'status': 'CLOSED', 'license': None, 'disclaimer': ""Notice: The following paper fields have been elided by the publisher: {'abstract'}. Paper or abstract available at https://api.unpaywall.org/v2/10.1145/1460563.1460604?email=<INSERT_YOUR_EMAIL> or https://doi.org/10.1145/1460563.1460604, which is subject to the license by the author or copyright owner provided with this content. Please go to the source to verify the license and copyright information for your use.""}","[{'authorId': '1766376', 'name': 'Derek F. Reilly'}, {'authorId': '143833913', 'name': 'Bonnie MacKay'}, {'authorId': '1759624', 'name': 'C. Watters'}, {'authorId': '1781500', 'name': 'K. Quinn'}]",
b9b7adae8b61cb7d99ce18567333ebca7e8f4298,"{'DBLP': 'conf/cscw/CummingsK08', 'MAG': '2152468166', 'DOI': '10.1145/1460563.1460633', 'CorpusId': 3933245}",Who collaborates successfully?: prior experience reduces collaboration barriers in distributed interdisciplinary research,Conference on Computer Supported Cooperative Work,2008,"{'url': '', 'status': 'CLOSED', 'license': None, 'disclaimer': ""Notice: The following paper fields have been elided by the publisher: {'abstract'}. Paper or abstract available at https://api.unpaywall.org/v2/10.1145/1460563.1460633?email=<INSERT_YOUR_EMAIL> or https://doi.org/10.1145/1460563.1460633, which is subject to the license by the author or copyright owner provided with this content. Please go to the source to verify the license and copyright information for your use.""}","[{'authorId': '2086825', 'name': 'Jonathon N. Cummings'}, {'authorId': '47198673', 'name': 'S. Kiesler'}]",
bdecbed9163ee97e9296cbe053519959f19ef7ec,"{'MAG': '1996383616', 'DBLP': 'conf/cscw/AgustinaLXSS08', 'DOI': '10.1145/1460563.1460566', 'CorpusId': 15212167}",CoMaya: incorporating advanced collaboration capabilities into 3d digital media design tools,Conference on Computer Supported Cooperative Work,2008,"{'url': '', 'status': 'CLOSED', 'license': None, 'disclaimer': ""Notice: The following paper fields have been elided by the publisher: {'abstract'}. Paper or abstract available at https://api.unpaywall.org/v2/10.1145/1460563.1460566?email=<INSERT_YOUR_EMAIL> or https://doi.org/10.1145/1460563.1460566, which is subject to the license by the author or copyright owner provided with this content. Please go to the source to verify the license and copyright information for your use.""}","[{'authorId': '2062929547', 'name': 'Agustina'}, {'authorId': '39853709', 'name': 'Fei Liu'}, {'authorId': '3194456', 'name': 'Steven Xia'}, {'authorId': '39936258', 'name': 'Haifeng Shen'}, {'authorId': '1688131', 'name': 'Chengzheng Sun'}]",
c07eeb3e3ba6e7aed48ebeea57c7301828185832,"{'MAG': '2038214251', 'DBLP': 'conf/cscw/RibesF08', 'DOI': '10.1145/1460563.1460581', 'CorpusId': 14305607}",Representing community: knowing users in the face of changing constituencies,Conference on Computer Supported Cooperative Work,2008,"{'url': '', 'status': 'CLOSED', 'license': None, 'disclaimer': ""Notice: The following paper fields have been elided by the publisher: {'abstract'}. Paper or abstract available at https://api.unpaywall.org/v2/10.1145/1460563.1460581?email=<INSERT_YOUR_EMAIL> or https://doi.org/10.1145/1460563.1460581, which is subject to the license by the author or copyright owner provided with this content. Please go to the source to verify the license and copyright information for your use.""}","[{'authorId': '144765083', 'name': 'David Ribes'}, {'authorId': '1898391', 'name': 'Thomas A. Finholt'}]",
c5654e6167121b7bd1a0a2de252f5ee95680dbc5,"{'MAG': '1532431353', 'CorpusId': 45561238}","Proceedings of the 2008 ACM Conference on Computer Supported Cooperative Work, CSCW 2008, San Diego, CA, USA, November 8-12, 2008",Conference on Computer Supported Cooperative Work,2008,"{'url': '', 'status': None, 'license': None}","[{'authorId': '14254238', 'name': 'B. Begole'}, {'authorId': '144541497', 'name': 'David W. Mcdonald'}]",
c66ced1312910a422663c4af6f180d274d4bff82,"{'DBLP': 'conf/cscw/KalnikaiteW08', 'MAG': '2078381243', 'DOI': '10.1145/1460563.1460567', 'CorpusId': 14445926}",Social summarization: does social feedback improve access to speech data?,Conference on Computer Supported Cooperative Work,2008,"{'url': '', 'status': 'CLOSED', 'license': None, 'disclaimer': ""Notice: The following paper fields have been elided by the publisher: {'abstract'}. Paper or abstract available at https://api.unpaywall.org/v2/10.1145/1460563.1460567?email=<INSERT_YOUR_EMAIL> or https://doi.org/10.1145/1460563.1460567, which is subject to the license by the author or copyright owner provided with this content. Please go to the source to verify the license and copyright information for your use.""}","[{'authorId': '7660988', 'name': 'Vaiva Kalnikaité'}, {'authorId': '143965889', 'name': 'S. Whittaker'}]",
c7a713417410774e507d1e037a2663af57ed05c9,"{'MAG': '2000680432', 'DBLP': 'conf/cscw/KuzuokaPSKYYKLH08', 'DOI': '10.1145/1460563.1460594', 'CorpusId': 19008342}",Effect of restarts and pauses on achieving a state of mutual orientation between a human and a robot,Conference on Computer Supported Cooperative Work,2008,"{'url': '', 'status': 'CLOSED', 'license': None, 'disclaimer': ""Notice: The following paper fields have been elided by the publisher: {'abstract'}. Paper or abstract available at https://api.unpaywall.org/v2/10.1145/1460563.1460594?email=<INSERT_YOUR_EMAIL> or https://doi.org/10.1145/1460563.1460594, which is subject to the license by the author or copyright owner provided with this content. Please go to the source to verify the license and copyright information for your use.""}","[{'authorId': '1696686', 'name': 'H. Kuzuoka'}, {'authorId': '1725787', 'name': 'K. Pitsch'}, {'authorId': '2116780655', 'name': 'Yuya Suzuki'}, {'authorId': '30241236', 'name': 'I. Kawaguchi'}, {'authorId': '1714207', 'name': 'K. Yamazaki'}, {'authorId': '1729704', 'name': 'Akiko Yamazaki'}, {'authorId': '1737913', 'name': 'Y. Kuno'}, {'authorId': '1709068', 'name': 'P. Luff'}, {'authorId': '144837365', 'name': 'C. Heath'}]",
ca21c752d7e28f9764090c32e1d8657ed5a7d23d,"{'MAG': '2621730193', 'CorpusId': 67081759}",Blended Spaces for Distributed Teams,Conference on Computer Supported Cooperative Work,2008,"{'url': '', 'status': None, 'license': None}","[{'authorId': '46189879', 'name': 'G. McEwan'}, {'authorId': '1394341310', 'name': ""Kenton P. O'Hara""}, {'authorId': '34790289', 'name': 'A. Bezerianos'}, {'authorId': '47041384', 'name': 'Michael Broughton'}, {'authorId': '2930520', 'name': 'J. Kjeldskov'}, {'authorId': '1403868172', 'name': 'A. Krumm-Heller'}, {'authorId': '1399177745', 'name': 'Christian Müller-Tomfelde'}, {'authorId': '2715722', 'name': 'J. Paay'}, {'authorId': '2780903', 'name': 'M. Rittenbruch'}]",
ca5a57c79fcce313700101c6eda7892876135357,"{'MAG': '2313610418', 'DBLP': 'conf/cscw/HorneckerMDR08', 'DOI': '10.1145/1460563.1460589', 'CorpusId': 3893584}",Collaboration and interference: awareness with mice or touch input,Conference on Computer Supported Cooperative Work,2008,"{'url': 'https://strathprints.strath.ac.uk/32678/1/CSCWfinal.pdf', 'status': 'GREEN', 'license': None, 'disclaimer': ""Notice: The following paper fields have been elided by the publisher: {'abstract'}. Paper or abstract available at https://api.unpaywall.org/v2/10.1145/1460563.1460589?email=<INSERT_YOUR_EMAIL> or https://doi.org/10.1145/1460563.1460589, which is subject to the license by the author or copyright owner provided with this content. Please go to the source to verify the license and copyright information for your use.""}","[{'authorId': '1718572', 'name': 'E. Hornecker'}, {'authorId': '143679313', 'name': 'P. Marshall'}, {'authorId': '34903375', 'name': 'N. Dalton'}, {'authorId': '1685816', 'name': 'Y. Rogers'}]",
cb1dcb430e8ffbe2152da6ae26a446ba661df1a0,"{'MAG': '123037820', 'CorpusId': 140509072}",Presence as a foundation for information exchange between parents and pre-school teachers,Conference on Computer Supported Cooperative Work,2008,"{'url': '', 'status': None, 'license': None, 'disclaimer': ""Notice: The following paper fields have been elided by the publisher: {'abstract'}. Paper or abstract available at http://eprints.sics.se/3430/1/presencePreschool.PDF, which is subject to the license by the author or copyright owner provided with this content. Please go to the source to verify the license and copyright information for your use.""}","[{'authorId': '1770842', 'name': 'Stina Nylander'}]",
d0224d1acae6fc82032f3e437a73412c86fa7802,"{'MAG': '2069768916', 'DBLP': 'conf/cscw/OHaraGR08', 'DOI': '10.1145/1460563.1460576', 'CorpusId': 14805710}",Understanding collective play in an urban screen game,Conference on Computer Supported Cooperative Work,2008,"{'url': '', 'status': 'CLOSED', 'license': None, 'disclaimer': ""Notice: The following paper fields have been elided by the publisher: {'abstract'}. Paper or abstract available at https://api.unpaywall.org/v2/10.1145/1460563.1460576?email=<INSERT_YOUR_EMAIL> or https://doi.org/10.1145/1460563.1460576, which is subject to the license by the author or copyright owner provided with this content. Please go to the source to verify the license and copyright information for your use.""}","[{'authorId': '1394341310', 'name': ""Kenton P. O'Hara""}, {'authorId': '2951128', 'name': 'M. Glancy'}, {'authorId': '39023525', 'name': 'S. Robertshaw'}]",
d0e62677054d08b683e52393177c07ced6cecc3b,"{'MAG': '2143445300', 'DBLP': 'conf/cscw/JuLK08', 'DOI': '10.1145/1460563.1460569', 'CorpusId': 1445673}",Range: exploring implicit interaction through electronic whiteboard design,Conference on Computer Supported Cooperative Work,2008,"{'url': '', 'status': 'CLOSED', 'license': None, 'disclaimer': ""Notice: The following paper fields have been elided by the publisher: {'abstract'}. Paper or abstract available at https://api.unpaywall.org/v2/10.1145/1460563.1460569?email=<INSERT_YOUR_EMAIL> or https://doi.org/10.1145/1460563.1460569, which is subject to the license by the author or copyright owner provided with this content. Please go to the source to verify the license and copyright information for your use.""}","[{'authorId': '2062398', 'name': 'Wendy Ju'}, {'authorId': '2347478955', 'name': 'Brian Lee'}, {'authorId': '21520403', 'name': 'S. Klemmer'}]",
d151339db6e6e494048010c2a5afca6fffaa961e,"{'DBLP': 'conf/cscw/PiperH08', 'MAG': '2139361598', 'DOI': '10.1145/1460563.1460587', 'CorpusId': 6791127}",Supporting medical conversations between deaf and hearing individuals with tabletop displays,Conference on Computer Supported Cooperative Work,2008,"{'url': 'http://hci.ucsd.edu/hollan/publications/SSI_CSCW_final.pdf', 'status': 'GREEN', 'license': None, 'disclaimer': ""Notice: The following paper fields have been elided by the publisher: {'abstract'}. Paper or abstract available at https://api.unpaywall.org/v2/10.1145/1460563.1460587?email=<INSERT_YOUR_EMAIL> or https://doi.org/10.1145/1460563.1460587, which is subject to the license by the author or copyright owner provided with this content. Please go to the source to verify the license and copyright information for your use.""}","[{'authorId': '2373998', 'name': 'Anne Marie Piper'}, {'authorId': '1698170', 'name': 'James Hollan'}]",
d33e52da482010f480bc69472ba36e1f0e89f42c,"{'MAG': '1986984530', 'DBLP': 'conf/cscw/ONeillMCRW08', 'DOI': '10.1145/1460563.1460657', 'CorpusId': 10812961}",Colour management is a socio-technical problem,Conference on Computer Supported Cooperative Work,2008,"{'url': '', 'status': 'CLOSED', 'license': None, 'disclaimer': ""Notice: The following paper fields have been elided by the publisher: {'abstract'}. Paper or abstract available at https://api.unpaywall.org/v2/10.1145/1460563.1460657?email=<INSERT_YOUR_EMAIL> or https://doi.org/10.1145/1460563.1460657, which is subject to the license by the author or copyright owner provided with this content. Please go to the source to verify the license and copyright information for your use.""}","[{'authorId': '1403047666', 'name': ""J. O'Neill""}, {'authorId': '144891284', 'name': 'David B. Martin'}, {'authorId': '1951099', 'name': 'T. Colombino'}, {'authorId': '2844042', 'name': 'Frédéric Roulland'}, {'authorId': '2990188', 'name': 'J. Willamowski'}]",
d4fb515f1192b1d4979682ee5c22b86b155b003b,"{'DBLP': 'conf/cscw/JonesMRB08', 'MAG': '2066702007', 'DOI': '10.1145/1460563.1460616', 'CorpusId': 11899206}",Empirical evidence of information overload constraining chat channel community interactions,Conference on Computer Supported Cooperative Work,2008,"{'url': '', 'status': 'CLOSED', 'license': None, 'disclaimer': ""Notice: The following paper fields have been elided by the publisher: {'abstract'}. Paper or abstract available at https://api.unpaywall.org/v2/10.1145/1460563.1460616?email=<INSERT_YOUR_EMAIL> or https://doi.org/10.1145/1460563.1460616, which is subject to the license by the author or copyright owner provided with this content. Please go to the source to verify the license and copyright information for your use.""}","[{'authorId': '144812959', 'name': 'Quentin Jones'}, {'authorId': '49402325', 'name': 'Mihai Moldovan'}, {'authorId': '3143393', 'name': 'D. Raban'}, {'authorId': '35094250', 'name': 'B. Butler'}]",
deb5dbe7530b60b53e61f7aaea8515d9b438062a,"{'DBLP': 'conf/cscw/EricksonDKH08', 'MAG': '2019069807', 'DOI': '10.1145/1460563.1460658', 'CorpusId': 19344253}",Assistance: the work practices of human administrative assistants and their implications for it and organizations,Conference on Computer Supported Cooperative Work,2008,"{'url': '', 'status': 'CLOSED', 'license': None, 'disclaimer': ""Notice: The following paper fields have been elided by the publisher: {'abstract'}. Paper or abstract available at https://api.unpaywall.org/v2/10.1145/1460563.1460658?email=<INSERT_YOUR_EMAIL> or https://doi.org/10.1145/1460563.1460658, which is subject to the license by the author or copyright owner provided with this content. Please go to the source to verify the license and copyright information for your use.""}","[{'authorId': '144694958', 'name': 'Thomas Erickson'}, {'authorId': '143824770', 'name': 'Catalina Danis'}, {'authorId': '1710155', 'name': 'W. Kellogg'}, {'authorId': '2940913', 'name': 'M. Helander'}]",
e0d4399de1638a5c2585fbc8baffb1304a357eea,"{'DBLP': 'conf/cscw/JuhlinW08', 'MAG': '2016287802', 'DOI': '10.1145/1460563.1460575', 'CorpusId': 1119614}",Hunting for fun: solitude and attentiveness in collaboration,Conference on Computer Supported Cooperative Work,2008,"{'url': '', 'status': 'CLOSED', 'license': None, 'disclaimer': ""Notice: The following paper fields have been elided by the publisher: {'abstract'}. Paper or abstract available at https://api.unpaywall.org/v2/10.1145/1460563.1460575?email=<INSERT_YOUR_EMAIL> or https://doi.org/10.1145/1460563.1460575, which is subject to the license by the author or copyright owner provided with this content. Please go to the source to verify the license and copyright information for your use.""}","[{'authorId': '2486148', 'name': 'O. Juhlin'}, {'authorId': '2443747', 'name': 'A. Weilenmann'}]",
e2aa75dcb88a52416fc0e318e201d361901a8ccf,"{'DBLP': 'conf/cscw/ScissorsGG08', 'MAG': '2053278592', 'DOI': '10.1145/1460563.1460608', 'CorpusId': 6082481}",Linguistic mimicry and trust in text-based CMC,Conference on Computer Supported Cooperative Work,2008,"{'url': 'http://collablab.northwestern.edu/pubs/CSCW2008-ScissorsEtAl-LinguisticMimicry.pdf', 'status': 'GREEN', 'license': None, 'disclaimer': ""Notice: The following paper fields have been elided by the publisher: {'abstract'}. Paper or abstract available at https://api.unpaywall.org/v2/10.1145/1460563.1460608?email=<INSERT_YOUR_EMAIL> or https://doi.org/10.1145/1460563.1460608, which is subject to the license by the author or copyright owner provided with this content. Please go to the source to verify the license and copyright information for your use.""}","[{'authorId': '2385934', 'name': 'Lauren E. Scissors'}, {'authorId': '2711000', 'name': 'Alastair J. Gill'}, {'authorId': '2497393', 'name': 'Darren Gergle'}]",
e2ee709c5b204c405c5905f71a9b4b435ef129a8,"{'MAG': '1986555953', 'DBLP': 'conf/cscw/LiuLC08', 'DOI': '10.1145/1460563.1460644', 'CorpusId': 8282237}",Operationalization of technology use and cooperation in CSCW,Conference on Computer Supported Cooperative Work,2008,"{'url': '', 'status': 'CLOSED', 'license': None, 'disclaimer': ""Notice: The following paper fields have been elided by the publisher: {'abstract'}. Paper or abstract available at https://api.unpaywall.org/v2/10.1145/1460563.1460644?email=<INSERT_YOUR_EMAIL> or https://doi.org/10.1145/1460563.1460644, which is subject to the license by the author or copyright owner provided with this content. Please go to the source to verify the license and copyright information for your use.""}","[{'authorId': '3228143', 'name': 'Pei-Ju Liu'}, {'authorId': '34705303', 'name': 'J. Laffey'}, {'authorId': '40643086', 'name': 'K. Cox'}]",
e3469c7f77c40f0f66e7c4babdca14fad77e4784,"{'DBLP': 'conf/cscw/DuganGMDBM08', 'MAG': '1979360141', 'DOI': '10.1145/1460563.1460672', 'CorpusId': 16457001}",It's all 'about you': diversity in online profiles,Conference on Computer Supported Cooperative Work,2008,"{'url': '', 'status': 'CLOSED', 'license': None, 'disclaimer': ""Notice: The following paper fields have been elided by the publisher: {'abstract'}. Paper or abstract available at https://api.unpaywall.org/v2/10.1145/1460563.1460672?email=<INSERT_YOUR_EMAIL> or https://doi.org/10.1145/1460563.1460672, which is subject to the license by the author or copyright owner provided with this content. Please go to the source to verify the license and copyright information for your use.""}","[{'authorId': '2391727', 'name': 'Casey Dugan'}, {'authorId': '143774641', 'name': 'Werner Geyer'}, {'authorId': '144440084', 'name': 'Michael J. Muller'}, {'authorId': '3608574', 'name': 'J. DiMicco'}, {'authorId': '2984220', 'name': 'Beth Brownholtz'}, {'authorId': '2673368', 'name': 'D. Millen'}]",
e4ff78a139c70b210941ce2bfbbfc9829d79b41e,"{'MAG': '2090252063', 'DBLP': 'conf/cscw/KimCHP08', 'DOI': '10.1145/1460563.1460636', 'CorpusId': 52798570}",Meeting mediator: enhancing group collaborationusing sociometric feedback,Conference on Computer Supported Cooperative Work,2008,"{'url': '', 'status': 'CLOSED', 'license': None, 'disclaimer': ""Notice: The following paper fields have been elided by the publisher: {'abstract'}. Paper or abstract available at https://api.unpaywall.org/v2/10.1145/1460563.1460636?email=<INSERT_YOUR_EMAIL> or https://doi.org/10.1145/1460563.1460636, which is subject to the license by the author or copyright owner provided with this content. Please go to the source to verify the license and copyright information for your use.""}","[{'authorId': '2002210', 'name': 'T. Kim'}, {'authorId': '47658562', 'name': 'Agnes Chang'}, {'authorId': '145237957', 'name': 'Lindsey Holland'}, {'authorId': '1682773', 'name': 'A. Pentland'}]",
e64fedadc3ac59855753b9750b8ec817e785ac26,"{'DBLP': 'conf/cscw/BurkeK08', 'MAG': '2169495811', 'DOI': '10.1145/1460563.1460571', 'CorpusId': 15653397}",Mopping up: modeling wikipedia promotion decisions,Conference on Computer Supported Cooperative Work,2008,"{'url': '', 'status': 'CLOSED', 'license': None, 'disclaimer': ""Notice: The following paper fields have been elided by the publisher: {'abstract'}. Paper or abstract available at https://api.unpaywall.org/v2/10.1145/1460563.1460571?email=<INSERT_YOUR_EMAIL> or https://doi.org/10.1145/1460563.1460571, which is subject to the license by the author or copyright owner provided with this content. Please go to the source to verify the license and copyright information for your use.""}","[{'authorId': '143838985', 'name': 'Moira Burke'}, {'authorId': '1702853', 'name': 'R. Kraut'}]",
ea7c08aed26556ea8e3818b090171ea90c5cefa2,"{'DBLP': 'conf/cscw/CataldoH08', 'MAG': '2103562041', 'DOI': '10.1145/1460563.1460654', 'CorpusId': 2875502}",Communication networks in geographically distributed software development,Conference on Computer Supported Cooperative Work,2008,"{'url': '', 'status': 'CLOSED', 'license': None, 'disclaimer': ""Notice: The following paper fields have been elided by the publisher: {'abstract'}. Paper or abstract available at https://api.unpaywall.org/v2/10.1145/1460563.1460654?email=<INSERT_YOUR_EMAIL> or https://doi.org/10.1145/1460563.1460654, which is subject to the license by the author or copyright owner provided with this content. Please go to the source to verify the license and copyright information for your use.""}","[{'authorId': '35110398', 'name': 'M. Cataldo'}, {'authorId': '1705550', 'name': 'J. Herbsleb'}]",
eba43e395994ab07af549f88a7ffc78df22a28d9,"{'MAG': '2191534736', 'CorpusId': 61452570}","Proceedings of workshop on Distributed Teams, CSCW 2008",Conference on Computer Supported Cooperative Work,2008,"{'url': '', 'status': None, 'license': None}","[{'authorId': '46189879', 'name': 'G. McEwan'}, {'authorId': '1394341310', 'name': ""Kenton P. O'Hara""}, {'authorId': '34790289', 'name': 'A. Bezerianos'}, {'authorId': '47041384', 'name': 'Michael Broughton'}, {'authorId': '2930520', 'name': 'J. Kjeldskov'}, {'authorId': '1403868172', 'name': 'A. Krumm-Heller'}, {'authorId': '1399177745', 'name': 'Christian Müller-Tomfelde'}, {'authorId': '2715722', 'name': 'J. Paay'}, {'authorId': '2780903', 'name': 'M. Rittenbruch'}]",
ed30e52910d6014981b62275507e84753923b9e4,"{'DBLP': 'conf/cscw/YamashitaHAKH08', 'MAG': '1999839388', 'DOI': '10.1145/1460563.1460591', 'CorpusId': 17102539}",Impact of seating positions on group video communication,Conference on Computer Supported Cooperative Work,2008,"{'url': '', 'status': 'CLOSED', 'license': None, 'disclaimer': ""Notice: The following paper fields have been elided by the publisher: {'abstract'}. Paper or abstract available at https://api.unpaywall.org/v2/10.1145/1460563.1460591?email=<INSERT_YOUR_EMAIL> or https://doi.org/10.1145/1460563.1460591, which is subject to the license by the author or copyright owner provided with this content. Please go to the source to verify the license and copyright information for your use.""}","[{'authorId': '1696689', 'name': 'Naomi Yamashita'}, {'authorId': '49293253', 'name': 'K. Hirata'}, {'authorId': '3070739', 'name': 'S. Aoyagi'}, {'authorId': '1696686', 'name': 'H. Kuzuoka'}, {'authorId': '2067650068', 'name': 'Yasunori Harada'}]",
f19e7c6c81c109b016a0f865e5625bba8abb54ca,"{'DBLP': 'conf/cscw/2008', 'CorpusId': 285789750}","Proceedings of the 2008 ACM Conference on Computer Supported Cooperative Work, CSCW 2008, San Diego, CA, USA, November 8-12, 2008",Conference on Computer Supported Cooperative Work,2008,"{'url': '', 'status': None, 'license': None}",[],
f1ca55928d2e1ffd8347beac9ac3ec58b866b4ad,"{'DBLP': 'conf/cscw/GillFGO08', 'MAG': '2153723960', 'DOI': '10.1145/1460563.1460612', 'CorpusId': 207170563}",The language of emotion in short blog texts,Conference on Computer Supported Cooperative Work,2008,"{'url': '', 'status': 'CLOSED', 'license': None, 'disclaimer': ""Notice: The following paper fields have been elided by the publisher: {'abstract'}. Paper or abstract available at https://api.unpaywall.org/v2/10.1145/1460563.1460612?email=<INSERT_YOUR_EMAIL> or https://doi.org/10.1145/1460563.1460612, which is subject to the license by the author or copyright owner provided with this content. Please go to the source to verify the license and copyright information for your use.""}","[{'authorId': '2711000', 'name': 'Alastair J. Gill'}, {'authorId': '2440747', 'name': 'R. French'}, {'authorId': '2497393', 'name': 'Darren Gergle'}, {'authorId': '3263707', 'name': 'J. Oberlander'}]",
f4867916bb2fff353ecb1efb27ec5e7bb0c32a8f,"{'MAG': '2139174350', 'DBLP': 'conf/cscw/SarcevicMLB08', 'DOI': '10.1145/1460563.1460597', 'CorpusId': 10104121}",Transactive memory in trauma resuscitation,Conference on Computer Supported Cooperative Work,2008,"{'url': '', 'status': 'CLOSED', 'license': None, 'disclaimer': ""Notice: The following paper fields have been elided by the publisher: {'abstract'}. Paper or abstract available at https://api.unpaywall.org/v2/10.1145/1460563.1460597?email=<INSERT_YOUR_EMAIL> or https://doi.org/10.1145/1460563.1460597, which is subject to the license by the author or copyright owner provided with this content. Please go to the source to verify the license and copyright information for your use.""}","[{'authorId': '3185786', 'name': 'Aleksandra Sarcevic'}, {'authorId': '144555425', 'name': 'I. Marsic'}, {'authorId': '3142223', 'name': 'M. Lesk'}, {'authorId': '1945606', 'name': 'R. Burd'}]",
f618bf1337fc08cf84f06c546fb0f9d624ce5d8c,"{'DBLP': 'conf/cscw/HancockTF08', 'MAG': '2130231383', 'DOI': '10.1145/1460563.1460629', 'CorpusId': 8014599}",I know something you don't: the use of asymmetric personal information for interpersonal advantage,Conference on Computer Supported Cooperative Work,2008,"{'url': '', 'status': 'CLOSED', 'license': None, 'disclaimer': ""Notice: The following paper fields have been elided by the publisher: {'abstract'}. Paper or abstract available at https://api.unpaywall.org/v2/10.1145/1460563.1460629?email=<INSERT_YOUR_EMAIL> or https://doi.org/10.1145/1460563.1460629, which is subject to the license by the author or copyright owner provided with this content. Please go to the source to verify the license and copyright information for your use.""}","[{'authorId': '1697703', 'name': 'Jeffrey T. Hancock'}, {'authorId': '31575674', 'name': 'Catalina L. Toma'}, {'authorId': '1523525339', 'name': 'K. Fenner'}]",
f9a75bc558970cce04fe89a5c6289e10bce7ae98,"{'MAG': '2076480527', 'DBLP': 'conf/cscw/LiaoL08', 'DOI': '10.1145/1460563.1460673', 'CorpusId': 14369127}",Network patterns: designing effective user interfaces for connections management at work,Conference on Computer Supported Cooperative Work,2008,"{'url': '', 'status': 'CLOSED', 'license': None, 'disclaimer': ""Notice: The following paper fields have been elided by the publisher: {'abstract'}. Paper or abstract available at https://api.unpaywall.org/v2/10.1145/1460563.1460673?email=<INSERT_YOUR_EMAIL> or https://doi.org/10.1145/1460563.1460673, which is subject to the license by the author or copyright owner provided with this content. Please go to the source to verify the license and copyright information for your use.""}","[{'authorId': '2579331', 'name': 'Qinying Liao'}, {'authorId': '2398637487', 'name': 'Qicheng Li'}]",
fa47c76ac4f550c58c585b0656ca255b67d8ac0d,"{'MAG': '616575050', 'CorpusId': 60288674}",Asynchronous Decision Making in Distributed Teams,Conference on Computer Supported Cooperative Work,2008,"{'url': '', 'status': None, 'license': None, 'disclaimer': ""Notice: The following paper fields have been elided by the publisher: {'abstract'}. Paper or abstract available at http://www.andreawiggins.com/research/LiEtAlCSCW2008.pdf, which is subject to the license by the author or copyright owner provided with this content. Please go to the source to verify the license and copyright information for your use.""}","[{'authorId': '2117895110', 'name': 'Qing Li'}, {'authorId': '145181379', 'name': 'Robert Heckman'}, {'authorId': '47620911', 'name': 'Eileen Allen'}, {'authorId': '1716974', 'name': 'Kevin Crowston'}, {'authorId': '143684417', 'name': 'U. Yeliz Eseryel'}, {'authorId': '2178028', 'name': 'James Linton Howison'}, {'authorId': '144918359', 'name': 'A. Wiggins'}]",
ffa84751bdd988272398b6e70e8e0bee818d63a6,"{'DBLP': 'conf/cscw/DearmanKT08', 'MAG': '2110277250', 'DOI': '10.1145/1460563.1460668', 'CorpusId': 31880835}",An examination of daily information needs and sharing opportunities,Conference on Computer Supported Cooperative Work,2008,"{'url': 'http://www.dgp.toronto.edu/%7Edearman/papers/2008-InfoNeed-CSCW.pdf', 'status': 'GREEN', 'license': None, 'disclaimer': ""Notice: The following paper fields have been elided by the publisher: {'abstract'}. Paper or abstract available at https://api.unpaywall.org/v2/10.1145/1460563.1460668?email=<INSERT_YOUR_EMAIL> or https://doi.org/10.1145/1460563.1460668, which is subject to the license by the author or copyright owner provided with this content. Please go to the source to verify the license and copyright information for your use.""}","[{'authorId': '1762768', 'name': 'David Dearman'}, {'authorId': '2829047', 'name': 'Melanie Kellar'}, {'authorId': '1752847', 'name': 'K. Truong'}]",
