venue,era,year,title,doi,dblp_key,canonical_source,normalized_title,abstract,abstract_source,matched_title,match_score,openalex_id,semantic_scholar_id,retrieval_status,retrieval_error,token_count
ICWSM,post_gpt,2023,"""A Special Operation"": A Quantitative Approach to Dissecting and Comparing Different Media Ecosystems' Coverage of the Russo-Ukrainian War",10.1609/icwsm.v17i1.22150,conf/icwsm/Hanley0D23a,DBLP,a special operation a quantitative approach to dissecting and comparing different media ecosystems coverage of the russo ukrainian war,,,,,,,no_abstract_found,,0
ICWSM,post_gpt,2023,"""Dummy Grandpa, Do You Know Anything?"": Identifying and Characterizing Ad Hominem Fallacy Usage in the Wild",10.1609/icwsm.v17i1.22180,conf/icwsm/Patel0M23,DBLP,dummy grandpa do you know anything identifying and characterizing ad hominem fallacy usage in the wild,,,,,,,no_abstract_found,,0
ICWSM,post_gpt,2023,"""Learn the Facts about COVID-19"": Analyzing the Use of Warning Labels on TikTok Videos",10.1609/icwsm.v17i1.22168,conf/icwsm/LingGZ23,DBLP,learn the facts about covid 19 analyzing the use of warning labels on tiktok videos,,,,,,,no_abstract_found,,0
ICWSM,post_gpt,2023,"""This Is Fake News"": Characterizing the Spontaneous Debunking from Twitter Users to COVID-19 False Information",10.1609/icwsm.v17i1.22176,conf/icwsm/MiyazakiUTAKS23,DBLP,this is fake news characterizing the spontaneous debunking from twitter users to covid 19 false information,,,,,,,no_abstract_found,,0
ICWSM,post_gpt,2023,A Multi-Task Model for Sentiment Aided Stance Detection of Climate Change Tweets,10.1609/icwsm.v17i1.22194,conf/icwsm/UpadhyayaFN23,DBLP,a multi task model for sentiment aided stance detection of climate change tweets,,,,,,,no_abstract_found,,0
ICWSM,post_gpt,2023,An Open-Source Cultural Consensus Approach to Name-Based Gender Classification,10.1609/icwsm.v17i1.22195,conf/icwsm/BuskirkCL23,DBLP,an open source cultural consensus approach to name based gender classification,,,,,,,no_abstract_found,,0
ICWSM,post_gpt,2023,AnnoBERT: Effectively Representing Multiple Annotators' Label Choices to Improve Hate Speech Detection,10.1609/icwsm.v17i1.22198,conf/icwsm/YinAJZS23,DBLP,annobert effectively representing multiple annotators label choices to improve hate speech detection,,,,,,,no_abstract_found,,0
ICWSM,post_gpt,2023,Beyond Discrete Genres: Mapping News Items onto a Multidimensional Framework of Genre Cues,10.1609/icwsm.v17i1.22167,conf/icwsm/LinWVT23,DBLP,beyond discrete genres mapping news items onto a multidimensional framework of genre cues,,,,,,,no_abstract_found,,0
ICWSM,post_gpt,2023,BotBuster: Multi-Platform Bot Detection Using a Mixture of Experts,10.1609/icwsm.v17i1.22179,conf/icwsm/NgC23,DBLP,botbuster multi platform bot detection using a mixture of experts,,,,,,,no_abstract_found,,0
ICWSM,post_gpt,2023,Catch Me If You Can: Deceiving Stance Detection and Geotagging Models to Protect Privacy of Individuals on Twitter,10.1609/icwsm.v17i1.22136,conf/icwsm/DoganAZKE23,DBLP,catch me if you can deceiving stance detection and geotagging models to protect privacy of individuals on twitter,,,,,,,no_abstract_found,,0
ICWSM,post_gpt,2023,"Codes, Patterns and Shapes of Contemporary Online Antisemitism and Conspiracy Narratives - an Annotation Guide and Labeled German-Language Dataset in the Context of COVID-19",10.1609/icwsm.v17i1.22216,conf/icwsm/SteffenMPBVBO23,DBLP,codes patterns and shapes of contemporary online antisemitism and conspiracy narratives an annotation guide and labeled german language dataset in the context of covid 19,,,,,,,no_abstract_found,,0
ICWSM,post_gpt,2023,Contextualizing Online Conversational Networks,10.1609/icwsm.v17i1.22171,conf/icwsm/MagelinskiC23,DBLP,contextualizing online conversational networks,,,,,,,no_abstract_found,,0
ICWSM,post_gpt,2023,Cross-Lingual and Cross-Domain Crisis Classification for Low-Resource Scenarios,10.1609/icwsm.v17i1.22185,conf/icwsm/SanchezSA0P23,DBLP,cross lingual and cross domain crisis classification for low resource scenarios,,,,,,,no_abstract_found,,0
ICWSM,post_gpt,2023,Cybersecurity Misinformation Detection on Social Media: Case Studies on Phishing Reports and Zoom's Threat,10.1609/icwsm.v17i1.22189,conf/icwsm/SinghalKKN23,DBLP,cybersecurity misinformation detection on social media case studies on phishing reports and zoom s threat,,,,,,,no_abstract_found,,0
ICWSM,post_gpt,2023,Detecting Anti-vaccine Users on Twitter,10.1609/icwsm.v17i1.22188,conf/icwsm/SchmitzMB23,DBLP,detecting anti vaccine users on twitter,,,,,,,no_abstract_found,,0
ICWSM,post_gpt,2023,DiPPS: Differentially Private Propensity Scores for Bias Correction,10.1609/icwsm.v17i1.22131,conf/icwsm/ChenH023,DBLP,dipps differentially private propensity scores for bias correction,,,,,,,no_abstract_found,,0
ICWSM,post_gpt,2023,Different Affordances on Facebook and SMS Text Messaging Do Not Impede Generalization of Language-Based Predictive Models,10.1609/icwsm.v17i1.22226,conf/icwsm/LiuGTGBCU23,DBLP,different affordances on facebook and sms text messaging do not impede generalization of language based predictive models,,,,,,,no_abstract_found,,0
ICWSM,post_gpt,2023,Finding Qs: Profiling QAnon Supporters on Parler,10.1609/icwsm.v17i1.22124,conf/icwsm/BarPF23,DBLP,finding qs profiling qanon supporters on parler,,,,,,,no_abstract_found,,0
ICWSM,post_gpt,2023,Happenstance: Utilizing Semantic Search to Track Russian State Media Narratives about the Russo-Ukrainian War on Reddit,10.1609/icwsm.v17i1.22149,conf/icwsm/Hanley0D23,DBLP,happenstance utilizing semantic search to track russian state media narratives about the russo ukrainian war on reddit,,,,,,,no_abstract_found,,0
ICWSM,post_gpt,2023,How Much User Context Do We Need? Privacy by Design in Mental Health NLP Applications,10.1609/icwsm.v17i1.22186,conf/icwsm/SawhneyNHF23,DBLP,how much user context do we need privacy by design in mental health nlp applications,,,,,,,no_abstract_found,,0
ICWSM,post_gpt,2023,Identifying Influential Brokers on Social Media from Social Network Structure,10.1609/icwsm.v17i1.22193,conf/icwsm/TsugawaW23,DBLP,identifying influential brokers on social media from social network structure,,,,,,,no_abstract_found,,0
ICWSM,post_gpt,2023,Identifying and Characterizing Behavioral Classes of Radicalization within the QAnon Conspiracy on Twitter,10.1609/icwsm.v17i1.22197,conf/icwsm/WangL0F23,DBLP,identifying and characterizing behavioral classes of radicalization within the qanon conspiracy on twitter,,,,,,,no_abstract_found,,0
ICWSM,post_gpt,2023,"Images, Emotions, and Credibility: Effect of Emotional Facial Expressions on Perceptions of News Content Bias and Source Credibility in Social Media",10.1609/icwsm.v17i1.22161,conf/icwsm/KarduniWMD23,DBLP,images emotions and credibility effect of emotional facial expressions on perceptions of news content bias and source credibility in social media,,,,,,,no_abstract_found,,0
ICWSM,post_gpt,2023,Information Operations in Turkey: Manufacturing Resilience with Free Twitter Accounts,10.1609/icwsm.v17i1.22175,conf/icwsm/MerhiR023,DBLP,information operations in turkey manufacturing resilience with free twitter accounts,,,,,,,no_abstract_found,,0
ICWSM,post_gpt,2023,Information Retention in the Multi-Platform Sharing of Science,10.1609/icwsm.v17i1.22153,conf/icwsm/HwangHR23,DBLP,information retention in the multi platform sharing of science,,,,,,,no_abstract_found,,0
ICWSM,post_gpt,2023,Lady and the Tramp Nextdoor: Online Manifestations of Real-World Inequalities in the Nextdoor Social Network,10.1609/icwsm.v17i1.22155,conf/icwsm/IqbalGTSC23,DBLP,lady and the tramp nextdoor online manifestations of real world inequalities in the nextdoor social network,,,,,,,no_abstract_found,,0
ICWSM,post_gpt,2023,Measuring Belief Dynamics on Twitter,10.1609/icwsm.v17i1.22154,conf/icwsm/Introne23,DBLP,measuring belief dynamics on twitter,,,,,,,no_abstract_found,,0
ICWSM,post_gpt,2023,Minority Stress Experienced by LGBTQ Online Communities during the COVID-19 Pandemic,10.1609/icwsm.v17i1.22201,conf/icwsm/YuanVKA23,DBLP,minority stress experienced by lgbtq online communities during the covid 19 pandemic,,,,,,,no_abstract_found,,0
ICWSM,post_gpt,2023,Misleading Repurposing on Twitter,10.1609/icwsm.v17i1.22139,conf/icwsm/ElmasOA23,DBLP,misleading repurposing on twitter,,,,,,,no_abstract_found,,0
ICWSM,post_gpt,2023,Non-polar Opposites: Analyzing the Relationship between Echo Chambers and Hostile Intergroup Interactions on Reddit,10.1609/icwsm.v17i1.22138,conf/icwsm/EfstratiouBCSZC23,DBLP,non polar opposites analyzing the relationship between echo chambers and hostile intergroup interactions on reddit,,,,,,,no_abstract_found,,0
ICWSM,post_gpt,2023,On the Relation between Opinion Change and Information Consumption on Reddit,10.1609/icwsm.v17i1.22181,conf/icwsm/PetruzzellisBMM23,DBLP,on the relation between opinion change and information consumption on reddit,,,,,,,no_abstract_found,,0
ICWSM,post_gpt,2023,Online Emotions during the Storming of the U.S. Capitol: Evidence from the Social Media Network Parler,10.1609/icwsm.v17i1.22157,conf/icwsm/JakubikVPBF23,DBLP,online emotions during the storming of the u s capitol evidence from the social media network parler,,,,,,,no_abstract_found,,0
ICWSM,post_gpt,2023,Partisan US News Media Representations of Syrian Refugees,10.1609/icwsm.v17i1.22130,conf/icwsm/ChenBSJSWDCH0KB23,DBLP,partisan us news media representations of syrian refugees,,,,,,,no_abstract_found,,0
ICWSM,post_gpt,2023,"Proceedings of the Seventeenth International AAAI Conference on Web and Social Media, ICWSM 2023, Limassol, Cyprus, June 5-8, 2023",,conf/icwsm/2023,DBLP,proceedings of the seventeenth international aaai conference on web and social media icwsm 2023 limassol cyprus june 5 8 2023,,,,,,,no_abstract_found,,0
ICWSM,post_gpt,2023,Quotatives Indicate Decline in Objectivity in U.S. Political News,10.1609/icwsm.v17i1.22152,conf/icwsm/HuR0S23,DBLP,quotatives indicate decline in objectivity in u s political news,,,,,,,no_abstract_found,,0
ICWSM,post_gpt,2023,Retweet-BERT: Political Leaning Detection Using Language Features and Information Diffusion on Social Networks,10.1609/icwsm.v17i1.22160,conf/icwsm/JiangRF23,DBLP,retweet bert political leaning detection using language features and information diffusion on social networks,,,,,,,no_abstract_found,,0
ICWSM,post_gpt,2023,SciLander: Mapping the Scientific News Landscape,10.1609/icwsm.v17i1.22144,conf/icwsm/GruppiSA0A23,DBLP,scilander mapping the scientific news landscape,,,,,,,no_abstract_found,,0
ICWSM,post_gpt,2023,Scope of Pre-trained Language Models for Detecting Conflicting Health Information,10.1609/icwsm.v17i1.22140,conf/icwsm/GattoBP23,DBLP,scope of pre trained language models for detecting conflicting health information,,,,,,,no_abstract_found,,0
ICWSM,post_gpt,2023,SexWEs: Domain-Aware Word Embeddings via Cross-Lingual Semantic Specialisation for Chinese Sexism Detection in Social Media,10.1609/icwsm.v17i1.22159,conf/icwsm/JiangZ23,DBLP,sexwes domain aware word embeddings via cross lingual semantic specialisation for chinese sexism detection in social media,,,,,,,no_abstract_found,,0
ICWSM,post_gpt,2023,Spillover of Antisocial Behavior from Fringe Platforms: The Unintended Consequences of Community Banning,10.1609/icwsm.v17i1.22184,conf/icwsm/RussoVRC23,DBLP,spillover of antisocial behavior from fringe platforms the unintended consequences of community banning,,,,,,,no_abstract_found,,0
ICWSM,post_gpt,2023,The Geography of Facebook Groups in the United States,10.1609/icwsm.v17i1.22151,conf/icwsm/HerdagdelenAS23,DBLP,the geography of facebook groups in the united states,,,,,,,no_abstract_found,,0
ICWSM,post_gpt,2023,The Morbid Realities of Social Media: An Investigation into the Narratives Shared by the Deceased Victims of COVID-19,10.1609/icwsm.v17i1.22147,conf/icwsm/HabibN23,DBLP,the morbid realities of social media an investigation into the narratives shared by the deceased victims of covid 19,,,,,,,no_abstract_found,,0
ICWSM,post_gpt,2023,This Sample Seems to Be Good Enough! Assessing Coverage and Temporal Reliability of Twitter's Academic API,10.1609/icwsm.v17i1.22182,conf/icwsm/PfefferMLHS023,DBLP,this sample seems to be good enough assessing coverage and temporal reliability of twitter s academic api,,,,,,,no_abstract_found,,0
ICWSM,post_gpt,2023,Top-Down Influence? Predicting CEO Personality and Risk Impact from Speech Transcripts,10.1609/icwsm.v17i1.22192,conf/icwsm/TheilHS23,DBLP,top down influence predicting ceo personality and risk impact from speech transcripts,,,,,,,no_abstract_found,,0
ICWSM,post_gpt,2023,Tweets in Time of Conflict: A Public Dataset Tracking the Twitter Discourse on the War between Ukraine and Russia,10.1609/icwsm.v17i1.22208,conf/icwsm/ChenF23,DBLP,tweets in time of conflict a public dataset tracking the twitter discourse on the war between ukraine and russia,,,,,,,no_abstract_found,,0
ICWSM,post_gpt,2023,Understanding and Detecting Hateful Content Using Contrastive Learning,10.1609/icwsm.v17i1.22143,conf/icwsm/Gonzalez-Pizarro23,DBLP,understanding and detecting hateful content using contrastive learning,,,,,,,no_abstract_found,,0
ICWSM,post_gpt,2023,Unique in What Sense? Heterogeneous Relationships between Multiple Types of Uniqueness and Popularity in Music,10.1609/icwsm.v17i1.22199,conf/icwsm/YuCAD23,DBLP,unique in what sense heterogeneous relationships between multiple types of uniqueness and popularity in music,,,,,,,no_abstract_found,,0
ICWSM,post_gpt,2023,We Are in This Together: Quantifying Community Subjective Wellbeing and Resilience,10.1609/icwsm.v17i1.22137,conf/icwsm/DongSBM23,DBLP,we are in this together quantifying community subjective wellbeing and resilience,,,,,,,no_abstract_found,,0
ICWSM,post_gpt,2023,Weakly Supervised Learning for Analyzing Political Campaigns on Facebook,10.1609/icwsm.v17i1.22156,conf/icwsm/IslamRG23,DBLP,weakly supervised learning for analyzing political campaigns on facebook,,,,,,,no_abstract_found,,0
ICWSM,post_gpt,2023,What Are You Anxious About? Examining Subjects of Anxiety during the COVID-19 Pandemic,10.1609/icwsm.v17i1.22133,conf/icwsm/Chen0LN23,DBLP,what are you anxious about examining subjects of anxiety during the covid 19 pandemic,,,,,,,no_abstract_found,,0
ICWSM,post_gpt,2024,A Study of Partisan News Sharing in the Russian Invasion of Ukraine,10.1609/icwsm.v18i1.31430,conf/icwsm/ZhuHTL0024,DBLP,a study of partisan news sharing in the russian invasion of ukraine,,,,,,,no_abstract_found,,0
ICWSM,post_gpt,2024,A Visual Approach to Tracking Emotional Sentiment Dynamics in Social Network Commentaries,10.1609/icwsm.v18i1.31337,conf/icwsm/HossainP0TT24,DBLP,a visual approach to tracking emotional sentiment dynamics in social network commentaries,,,,,,,no_abstract_found,,0
ICWSM,post_gpt,2024,CPL-NoViD: Context-Aware Prompt-Based Learning for Norm Violation Detection in Online Communities,10.1609/icwsm.v18i1.31335,conf/icwsm/HeML24,DBLP,cpl novid context aware prompt based learning for norm violation detection in online communities,,,,,,,no_abstract_found,,0
ICWSM,post_gpt,2024,Community Notes vs. Snoping: How the Crowd Selects Fact-Checking Targets on Social Media,10.1609/icwsm.v18i1.31387,conf/icwsm/PilarskiSP24,DBLP,community notes vs snoping how the crowd selects fact checking targets on social media,,,,,,,no_abstract_found,,0
ICWSM,post_gpt,2024,Discovering Collective Narratives Shifts in Online Discussions,10.1609/icwsm.v18i1.31427,conf/icwsm/ZhaoGLA24,DBLP,discovering collective narratives shifts in online discussions,,,,,,,no_abstract_found,,0
ICWSM,post_gpt,2024,DoubleH: Twitter User Stance Detection via Bipartite Graph Neural Networks,10.1609/icwsm.v18i1.31424,conf/icwsm/ZhangZP024,DBLP,doubleh twitter user stance detection via bipartite graph neural networks,,,,,,,no_abstract_found,,0
ICWSM,post_gpt,2024,Emergent Influence Networks in Good-Faith Online Discussions,10.1609/icwsm.v18i1.31317,conf/icwsm/DambanemuyaRH24,DBLP,emergent influence networks in good faith online discussions,,,,,,,no_abstract_found,,0
ICWSM,post_gpt,2024,Emoji Promotes Developer Participation and Issue Resolution on GitHub,10.1609/icwsm.v18i1.31429,conf/icwsm/ZhouLGM024,DBLP,emoji promotes developer participation and issue resolution on github,,,,,,,no_abstract_found,,0
ICWSM,post_gpt,2024,Evaluating and Improving Value Judgments in AI: A Scenario-Based Study on Large Language Models' Depiction of Social Conventions,10.1609/icwsm.v18i1.31421,conf/icwsm/YouS24,DBLP,evaluating and improving value judgments in ai a scenario based study on large language models depiction of social conventions,,,,,,,no_abstract_found,,0
ICWSM,post_gpt,2024,Examining Similar and Ideologically Correlated Imagery in Online Political Communication,10.1609/icwsm.v18i1.31351,conf/icwsm/JoshiB24,DBLP,examining similar and ideologically correlated imagery in online political communication,,,,,,,no_abstract_found,,0
ICWSM,post_gpt,2024,"Facebook Political Ads and Accountability: Outside Groups Are Most Negative, Especially When Hiding Donors",10.1609/icwsm.v18i1.31346,conf/icwsm/JainW24,DBLP,facebook political ads and accountability outside groups are most negative especially when hiding donors,,,,,,,no_abstract_found,,0
ICWSM,post_gpt,2024,"Gender Gaps in Online Social Connectivity, Promotion and Relocation Reports on LinkedIn",10.1609/icwsm.v18i1.31353,conf/icwsm/KalhorGWK24,DBLP,gender gaps in online social connectivity promotion and relocation reports on linkedin,,,,,,,no_abstract_found,,0
ICWSM,post_gpt,2024,Hate Cannot Drive Out Hate: Forecasting Conversation Incivility following Replies to Hate Speech,10.1609/icwsm.v18i1.31422,conf/icwsm/Yu0H24,DBLP,hate cannot drive out hate forecasting conversation incivility following replies to hate speech,,,,,,,no_abstract_found,,0
ICWSM,post_gpt,2024,Leveraging Recommender Systems to Reduce Content Gaps on Peer Production Platforms,10.1609/icwsm.v18i1.31339,conf/icwsm/Houtti0WT24,DBLP,leveraging recommender systems to reduce content gaps on peer production platforms,,,,,,,no_abstract_found,,0
ICWSM,post_gpt,2024,Making Online Communities 'Better': A Taxonomy of Community Values on Reddit,10.1609/icwsm.v18i1.31413,conf/icwsm/WeldZA24,DBLP,making online communities better a taxonomy of community values on reddit,,,,,,,no_abstract_found,,0
ICWSM,post_gpt,2024,Opinion Market Model: Stemming Far-Right Opinion Spread Using Positive Interventions,10.1609/icwsm.v18i1.31306,conf/icwsm/CalderonRR24,DBLP,opinion market model stemming far right opinion spread using positive interventions,,,,,,,no_abstract_found,,0
ICWSM,post_gpt,2024,Partial Mobilization: Tracking Multilingual Information Flows amongst Russian Media Outlets and Telegram,10.1609/icwsm.v18i1.31332,conf/icwsm/HanleyD24,DBLP,partial mobilization tracking multilingual information flows amongst russian media outlets and telegram,,,,,,,no_abstract_found,,0
ICWSM,post_gpt,2024,Party Prediction for Twitter,10.1609/icwsm.v18i1.31381,conf/icwsm/PelrineIYTLDFAB24,DBLP,party prediction for twitter,,,,,,,no_abstract_found,,0
ICWSM,post_gpt,2024,"Proceedings of the Eighteenth International AAAI Conference on Web and Social Media, ICWSM 2024, Buffalo, New York, USA, June 3-6, 2024",,conf/icwsm/2024,DBLP,proceedings of the eighteenth international aaai conference on web and social media icwsm 2024 buffalo new york usa june 3 6 2024,,,,,,,no_abstract_found,,0
ICWSM,post_gpt,2024,Reviewing War: Unconventional User Reviews as a Side Channel to Circumvent Information Controls,10.1609/icwsm.v18i1.31374,conf/icwsm/MorenoPRVZ0SHVT24,DBLP,reviewing war unconventional user reviews as a side channel to circumvent information controls,,,,,,,no_abstract_found,,0
ICWSM,post_gpt,2024,Sensemaking about Contraceptive Methods across Online Platforms,10.1609/icwsm.v18i1.31371,conf/icwsm/McDowallAM24,DBLP,sensemaking about contraceptive methods across online platforms,,,,,,,no_abstract_found,,0
ICWSM,post_gpt,2024,Socio-Linguistic Characteristics of Coordinated Inauthentic Accounts,10.1609/icwsm.v18i1.31305,conf/icwsm/BurghardtRCBGHR24,DBLP,socio linguistic characteristics of coordinated inauthentic accounts,,,,,,,no_abstract_found,,0
ICWSM,post_gpt,2024,Stance Detection with Collaborative Role-Infused LLM-Based Agents,10.1609/icwsm.v18i1.31360,conf/icwsm/LanGJ024,DBLP,stance detection with collaborative role infused llm based agents,,,,,,,no_abstract_found,,0
ICWSM,post_gpt,2024,Stranger Danger! Cross-Community Interactions with Fringe Users Increase the Growth of Fringe Communities on Reddit,10.1609/icwsm.v18i1.31393,conf/icwsm/RussoR024,DBLP,stranger danger cross community interactions with fringe users increase the growth of fringe communities on reddit,,,,,,,no_abstract_found,,0
ICWSM,post_gpt,2024,Submodular Optimization beyond Nonnegativity: Adaptive Seed Selection in Incentivized Social Advertising,10.1609/icwsm.v18i1.31404,conf/icwsm/0001024,DBLP,submodular optimization beyond nonnegativity adaptive seed selection in incentivized social advertising,,,,,,,no_abstract_found,,0
ICWSM,post_gpt,2024,Temporal Network Analysis of Email Communication Patterns in a Long Standing Hierarchy,10.1609/icwsm.v18i1.31302,conf/icwsm/BarnesKMPTPCC24,DBLP,temporal network analysis of email communication patterns in a long standing hierarchy,,,,,,,no_abstract_found,,0
ICWSM,post_gpt,2024,Tube2Vec: Social and Semantic Embeddings of YouTube Channels,10.1609/icwsm.v18i1.31450,conf/icwsm/BoesingerRV024,DBLP,tube2vec social and semantic embeddings of youtube channels,,,,,,,no_abstract_found,,0
ICWSM,post_gpt,2024,Watch Your Language: Investigating Content Moderation with Large Language Models,10.1609/icwsm.v18i1.31358,conf/icwsm/0006AD24,DBLP,watch your language investigating content moderation with large language models,,,,,,,no_abstract_found,,0
ICWSM,post_gpt,2025,Algorithmic Behaviors Across Regions: A Geolocation Audit of YouTube Search for COVID-19 Misinformation Between the United States and South Africa,10.1609/icwsm.v19i1.35854,conf/icwsm/JungJM25,DBLP,algorithmic behaviors across regions a geolocation audit of youtube search for covid 19 misinformation between the united states and south africa,,,,,,,no_abstract_found,,0
ICWSM,post_gpt,2025,Balancing Producer Fairness and Efficiency via Prior-Weighted Rating System Design,10.1609/icwsm.v19i1.35865,conf/icwsm/MaBJ025,DBLP,balancing producer fairness and efficiency via prior weighted rating system design,,,,,,,no_abstract_found,,0
ICWSM,post_gpt,2025,Capturing Dynamics in Online Public Discourse: A Case Study of Universal Basic Income Discussions on Reddit,10.1609/icwsm.v19i1.35858,conf/icwsm/KimVA25,DBLP,capturing dynamics in online public discourse a case study of universal basic income discussions on reddit,,,,,,,no_abstract_found,,0
ICWSM,post_gpt,2025,Coordinated Reply Attacks in Influence Operations: Characterization and Detection,10.1609/icwsm.v19i1.35889,conf/icwsm/PoteEFM25,DBLP,coordinated reply attacks in influence operations characterization and detection,,,,,,,no_abstract_found,,0
ICWSM,post_gpt,2025,Cyber Food Swamps: Investigating the Impacts of Online-to-Offline Food Delivery Platforms on Healthy Food Choices,10.1609/icwsm.v19i1.35932,conf/icwsm/ZhangFLXL25,DBLP,cyber food swamps investigating the impacts of online to offline food delivery platforms on healthy food choices,,,,,,,no_abstract_found,,0
ICWSM,post_gpt,2025,Elephant in the Room: Dissecting and Reflecting on the Evolution of Online Social Network Research,10.1609/icwsm.v19i1.35881,conf/icwsm/PajolaSTCA25,DBLP,elephant in the room dissecting and reflecting on the evolution of online social network research,,,,,,,no_abstract_found,,0
ICWSM,post_gpt,2025,Emojis Decoded: Leveraging ChatGPT for Enhanced Understanding in Social Media Communications,10.1609/icwsm.v19i1.35935,conf/icwsm/ZhouXWLG025,DBLP,emojis decoded leveraging chatgpt for enhanced understanding in social media communications,,,,,,,no_abstract_found,,0
ICWSM,post_gpt,2025,Hatred Stems from Ignorance! Distillation of the Persuasion Modes in Countering Conversational Hate Speech,10.1609/icwsm.v19i1.35803,conf/icwsm/AlyahyaA25,DBLP,hatred stems from ignorance distillation of the persuasion modes in countering conversational hate speech,,,,,,,no_abstract_found,,0
ICWSM,post_gpt,2025,How (Un)ethical Are Instruction-Centric Responses of LLMs? Unveiling the Vulnerabilities of Safety Guardrails to Harmful Queries,10.1609/icwsm.v19i1.35811,conf/icwsm/0002LH025,DBLP,how un ethical are instruction centric responses of llms unveiling the vulnerabilities of safety guardrails to harmful queries,,,,,,,no_abstract_found,,0
ICWSM,post_gpt,2025,Keeping Humans in the Loop: Human-Centered Automated Annotation with Generative AI,10.1609/icwsm.v19i1.35883,conf/icwsm/PangakisW25,DBLP,keeping humans in the loop human centered automated annotation with generative ai,,,,,,,no_abstract_found,,0
ICWSM,post_gpt,2025,LLMs Generate Structurally Realistic Social Networks but Overestimate Political Homophily,10.1609/icwsm.v19i1.35820,conf/icwsm/ChangCWJPL25,DBLP,llms generate structurally realistic social networks but overestimate political homophily,,,,,,,no_abstract_found,,0
ICWSM,post_gpt,2025,Labeled Datasets for Research on Information Operations,10.1609/icwsm.v19i1.35958,conf/icwsm/SeckinPNYLFM25,DBLP,labeled datasets for research on information operations,,,,,,,no_abstract_found,,0
ICWSM,post_gpt,2025,Linguistic Landscape of Generative AI Perception: A Global Twitter Analysis Across 14 Languages,10.1609/icwsm.v19i1.35872,conf/icwsm/MurayamaMMS25,DBLP,linguistic landscape of generative ai perception a global twitter analysis across 14 languages,,,,,,,no_abstract_found,,0
ICWSM,post_gpt,2025,NewsUnfold: Creating a News-Reading Application That Indicates Linguistic Media Bias and Collects Feedback,10.1609/icwsm.v19i1.35847,conf/icwsm/HinterreiterWSE25,DBLP,newsunfold creating a news reading application that indicates linguistic media bias and collects feedback,,,,,,,no_abstract_found,,0
ICWSM,post_gpt,2025,Perception of Visual Content: Differences Between Humans and Foundation Models,10.1609/icwsm.v19i1.35891,conf/icwsm/PratamaFD25,DBLP,perception of visual content differences between humans and foundation models,,,,,,,no_abstract_found,,0
ICWSM,post_gpt,2025,Practical Guidelines for Ideology Detection Pipelines and Psychosocial Applications,10.1609/icwsm.v19i1.35892,conf/icwsm/RamTKR25,DBLP,practical guidelines for ideology detection pipelines and psychosocial applications,,,,,,,no_abstract_found,,0
ICWSM,post_gpt,2025,"Proceedings of the Nineteenth International AAAI Conference on Web and Social Media, June 23-26, 2025, Copenhagen, Denmark",,conf/icwsm/2025,DBLP,proceedings of the nineteenth international aaai conference on web and social media june 23 26 2025 copenhagen denmark,,,,,,,no_abstract_found,,0
ICWSM,post_gpt,2025,SocialQuotes: Learning Contextual Roles of Social Media Quotes on the Web,10.1609/icwsm.v19i1.35882,conf/icwsm/PalowitchAKAR25,DBLP,socialquotes learning contextual roles of social media quotes on the web,,,,,,,no_abstract_found,,0
ICWSM,post_gpt,2025,ThatiAR: Subjectivity Detection in Arabic News Sentences,10.1609/icwsm.v19i1.35960,conf/icwsm/SuwailehHHZA25,DBLP,thatiar subjectivity detection in arabic news sentences,,,,,,,no_abstract_found,,0
ICWSM,post_gpt,2025,Words and Action: Modeling Linguistic Leadership in #BlackLivesMatter Communities,10.1609/icwsm.v19i1.35895,conf/icwsm/RoytburgOSK25,DBLP,words and action modeling linguistic leadership in blacklivesmatter communities,,,,,,,no_abstract_found,,0
