dblp_key,abstract,abstract_source,matched_title,match_score,openalex_id,semantic_scholar_id,retrieval_status,retrieval_error
conf/icml/Laird92,"We distinguish static and dynamic optimization of programs: whereas static optimization modifies a program before runtime and is based only its syntactical structure, dynamic optimization is based on the statistical properties of the input source and examples of program execution. Explanation-based generalization is a commonly used dynamic optimization method, but its effectiveness as a speedup-learning method is limited, in part because it fails to separate the learning process from the program transformation process. This paper describes a dynamic optimization technique called a learn-optimize cycle that first uses a learning element to uncover predictable patterns in the program execution and then uses an optimization al-gorithm to map these patterns into beneficial transformations. The technique has been used successfully for dynamic optimization of pure Prolog.",Semantic Scholar DOI,Dynamic Optimization,100.0,,2cf1fb0554011c5efefee9b28d5e2c822314c216,abstract_found,
conf/icml/AbeLN95,"ABSTRACT We consider the problem of learning a certain type of lexical semantic knowledge that can be expressed as a binary relation between words, such as the so-called sub-categorization of verbs (a verb-noun relation) and the compound noun phrase relation (a noun-noun relation). Specifically, we view this problem as an on-line learning problem in the sense of Littlestone's learning model [Lit88] in which the learner's goal is to minimize the total number of prediction mistakes. In the computational learning theory literature, Goldman, Rivest and Schapire [GRS93] and subsequently Goldman and Warmuth [GW93] have considered the on-line learning problem for binary relations R: X x Y → {0,1} in which one of the domain sets X can be partitioned into a relatively small number of types, namely clusters consisting of behaviorally indistinguishable members of X. In this paper, we extend this model and suppose that both of the sets JT, X,Y can be partitioned into a small number of types, and propose a host of prediction algorithms which are two-dimensional extensions of Goldman and Warmuth's weighted majority type algorithm proposed for the original model. We apply these algorithms to the learning problem for the ‘compound noun phrase’ relation, in which a noun is related to another just in case they can form a noun phrase together. Our experimental results show that all of our algorithms out-perform Goldman and Warmuth's algorithm. We also theoretically analyze the performance of one of our algorithms, in the form of an upper bound on the worst case number of prediction mistakes it makes.",Semantic Scholar DOI,On-line Learning of Binary Lexical Relations Using Two-dimensional Weighted Majority Algorithms,100.0,,85aefe907e6fca742faf2b32c54df5389fb85198,abstract_found,
conf/icml/KoppelS04,"In the authorship verification problem, we are given examples of the writing of a single author and are asked to determine if given long texts were or were not written by this author. We present a new learning-based method for adducing the ""depth of difference"" between two example sets and offer evidence that this method solves the authorship verification problem with very high accuracy. The underlying idea is to test the rate of degradation of the accuracy of learned models as the best features are iteratively dropped from the learning process.",Semantic Scholar DOI,Authorship verification as a one-class classification problem,100.0,,3d0e59f6355243b6aa7ba0d13b357c1dd6582c84,abstract_found,
conf/icml/BahamondeBDQLCAG04,"In this paper we tackle a real world problem, the search of a function to evaluate the merits of beef cattle as meat producers. The independent variables represent a set of live animals' measurements; while the outputs cannot be captured with a single number, since the available experts tend to assess each animal in a relative way, comparing animals with the other partners in the same batch. Therefore, this problem can not be solved by means of regression methods; our approach is to learn the preferences of the experts when they order small groups of animals. Thus, the problem can be reduced to a binary classification, and can be dealt with a Support Vector Machine (SVM) improved with the use of a feature subset selection (FSS) method. We develop a method based on Recursive Feature Elimination (RFE) that employs an adaptation of a metric based method devised for model selection (ADJ). Finally, we discuss the extension of the resulting method to more general settings, and provide a comparison with other possible alternatives.",Semantic Scholar DOI,Feature subset selection for learning preferences: a case study,100.0,,a831fbf7a34b3f4e6c9b674dbf41eb997d81c7ac,abstract_found,
conf/icml/PeltonenSK04,"The sequential information bottleneck (sIB) algorithm clusters co-occurrence data such as text documents vs. words. We introduce a variant that models sparse co-occurrence data by a generative process. This turns the objective function of sIB, mutual information, into a Bayes factor, while keeping it intact asymptotically, for non-sparse data. Experimental performance of the new algorithm is comparable to the original sIB for large data sets, and better for smaller, sparse sets.",Semantic Scholar DOI,Sequential information bottleneck for finite data,100.0,,250ec74f1831cb80e7efd2be845bec698ac92fc5,abstract_found,
conf/icml/KokV04,"Learning in multiagent systems suffers from the fact that both the state and the action space scale exponentially with the number of agents. In this paper we are interested in using Q-learning to learn the coordinated actions of a group of cooperative agents, using a sparse representation of the joint state-action space of the agents. We first examine a compact representation in which the agents need to explicitly coordinate their actions only in a predefined set of states. Next, we use a coordination-graph approach in which we represent the Q-values by value rules that specify the coordination dependencies of the agents at particular states. We show how Q-learning can be efficiently applied to learn a coordinated policy for the agents in the above framework. We demonstrate the proposed method on the predator-prey domain, and we compare it with other related multiagent Q-learning methods.",Semantic Scholar DOI,Sparse cooperative Q-learning,100.0,,3efa42e5f14528687c2cd11f5040ad83f1cbfbd8,abstract_found,
conf/icml/TsochantaridisHJA04,"Learning general functional dependencies is one of the main goals in machine learning. Recent progress in kernel-based methods has focused on designing flexible and powerful input representations. This paper addresses the complementary issue of problems involving complex outputs such as multiple dependent output variables and structured output spaces. We propose to generalize multiclass Support Vector Machine learning in a formulation that involves features extracted jointly from inputs and outputs. The resulting optimization problem is solved efficiently by a cutting plane algorithm that exploits the sparseness and structural decomposition of the problem. We demonstrate the versatility and effectiveness of our method on problems ranging from supervised grammar learning and named-entity recognition, to taxonomic text classification and sequence alignment.",Semantic Scholar DOI,Support vector machine learning for interdependent and structured output spaces,100.0,,93aa298b40bb3ec23c25239089284fdf61ded917,abstract_found,
conf/icml/WangLBS05,"We present an efficient ""sparse sampling"" technique for approximating Bayes optimal decision making in reinforcement learning, addressing the well known exploration versus exploitation tradeoff. Our approach combines sparse sampling with Bayesian exploration to achieve improved decision making while controlling computational cost. The idea is to grow a sparse lookahead tree, intelligently, by exploiting information in a Bayesian posterior---rather than enumerate action branches (standard sparse sampling) or compensate myopically (value of perfect information). The outcome is a flexible, practical technique for improving action selection in simple reinforcement learning scenarios.",Semantic Scholar DOI,Bayesian sparse sampling for on-line reward optimization,100.0,,841c5f535174bedab6b8b4c608977d946f65a67b,abstract_found,
conf/icml/McMahanLG05,"MDPs are an attractive formalization for planning, but realistic problems often have intractably large state spaces. When we only need a partial policy to get from a fixed start state to a goal, restricting computation to states relevant to this task can make much larger problems tractable. We introduce a new algorithm, Bounded RTDP, which can produce partial policies with strong performance guarantees while only touching a fraction of the state space, even on problems where other algorithms would have to visit the full state space. To do so, Bounded RTDP maintains both upper and lower bounds on the optimal value function. The performance of Bounded RTDP is greatly aided by the introduction of a new technique to efficiently find suitable upper bounds; this technique can also be used to provide informed initialization to a wide range of other planning algorithms.",Semantic Scholar DOI,Bounded real-time dynamic programming: RTDP with monotone upper bounds and performance guarantees,100.0,,801ec94b0486ab1ec23c0aeaad8322d25f993f9d,abstract_found,
conf/icml/NatarajanT05,"The current framework of reinforcement learning is based on maximizing the expected returns based on scalar rewards. But in many real world situations, tradeoffs must be made among multiple objectives. Moreover, the agent's preferences between different objectives may vary with time. In this paper, we consider the problem of learning in the presence of time-varying preferences among multiple objectives, using numeric weights to represent their importance. We propose a method that allows us to store a finite number of policies, choose an appropriate policy for any weight vector and improve upon it. The idea is that although there are infinitely many weight vectors, they may be well-covered by a small number of optimal policies. We show this empirically in two domains: a version of the Buridan's ass problem and network routing.",Semantic Scholar DOI,Dynamic preferences in multi-criteria reinforcement learning,100.0,,9bc780c0c9e8e4dba0533f10a0068f8476cf9b24,abstract_found,
conf/icml/JingPR05,"The use of Bayesian networks for classification problems has received significant recent attention. Although computationally efficient, the standard maximum likelihood learning method tends to be suboptimal due to the mismatch between its optimization criteria (data likelihood) and the actual goal for classification (label prediction). Recent approaches to optimizing the classification performance during parameter or structure learning show promise, but lack the favorable computational properties of maximum likelihood learning. In this paper we present the Boosted Augmented Naive Bayes (BAN) classifier. We show that a combination of discriminative data-weighting with generative training of intermediate models can yield a computationally efficient method for discriminative parameter learning and structure selection.",Semantic Scholar DOI,Efficient discriminative learning of Bayesian network classifier via boosted augmented naive Bayes,100.0,,66c672a270f35f93d0c3a9e9f376068ec65170f4,abstract_found,
conf/icml/RayP05,"This paper extends previous work on skewing, an approach to problematic functions in decision tree induction. The previous algorithms were applicable only to functions of binary variables. In this paper, we extend skewing to directly handle functions of continuous and nominal variables. We present experiments with randomly generated functions and a number of real world datasets to evaluate the algorithm's accuracy. Our results indicate that our algorithm almost always outperforms an Information Gain-based decision tree learner.",Semantic Scholar DOI,Generalized skewing for functions with continuous and nominal attributes,100.0,,86c6d7774769e70c1a1ca4e2a1aa18a71f03dc1a,abstract_found,
conf/icml/WilliamsLXC05,"A logistic regression classification algorithm is developed for problems in which the feature vectors may be missing data (features). Single or multiple imputation for the missing data is avoided by performing analytic integration with an estimated conditional density function (conditioned on the non-missing data). Conditional density functions are estimated using a Gaussian mixture model (GMM), with parameter estimation performed using both expectation maximization (EM) and Variational Bayesian EM (VB-EM). Using widely available real data, we demonstrate the general advantage of the VB-EM GMM estimation for handling incomplete data, vis-à-vis the EM algorithm. Moreover, it is demonstrated that the approach proposed here is generally superior to standard imputation procedures.",Semantic Scholar DOI,Incomplete-data classification using logistic regression,100.0,,51826a209b9f99f72f7316d85f2c94868930e361,abstract_found,
conf/icml/DaumeM05,"Mappings to structured output spaces (strings, trees, partitions, etc.) are typically learned using extensions of classification algorithms to simple graphical structures (eg., linear chains) in which search and parameter estimation can be performed exactly. Unfortunately, in many complex problems, it is rare that exact search or parameter estimation is tractable. Instead of learning exact models and searching via heuristic means, we embrace this difficulty and treat the structured output problem in terms of approximate search. We present a framework for learning as search optimization, and two parameter updates with convergence the-orems and bounds. Empirical evidence shows that our integrated approach to learning and decoding can outperform exact models at smaller computational cost.",Semantic Scholar DOI,Learning as search optimization: approximate large margin methods for structured prediction,100.0,,a5c48c673b0d3152010e3374cac189314a13df10,abstract_found,
conf/icml/ToussaintV05,"Sensorimotor data from many interesting physical interactions comprises discontinuities. While existing locally weighted learning approaches aim at learning smooth functions, we propose a model that learns how to switch discontinuously between local models. The local responsibilities, usually represented by Gaussian kernels, are learned by a product of local sigmoidal classifiers that can represent complex shaped and sharply bounded regions. Local models are incrementally added. A locality prior constrains them to learn only local data---which is the key ingredient for incremental learning with local models.",Semantic Scholar DOI,Learning discontinuities with products-of-sigmoids for switching between local models,100.0,,81e41fa38cf21c2699a5c9300effdb1204e7b00f,abstract_found,
conf/icml/RousuSSS05,"We present a kernel-based algorithm for hierarchical text classification where the documents are allowed to belong to more than one category at a time. The classification model is a variant of the Maximum Margin Markov Network framework, where the classification hierarchy is represented as a Markov tree equipped with an exponential family defined on the edges. We present an efficient optimization algorithm based on incremental conditional gradient ascent in single-example subspaces spanned by the marginal dual variables. Experiments show that the algorithm can feasibly optimize training sets of thousands of examples and classification hierarchies consisting of hundreds of nodes. The algorithm's predictive accuracy is competitive with other recently introduced hierarchical multi-category or multilabel classification learning algorithms.",Semantic Scholar DOI,Learning hierarchical multi-category text classification models,100.0,,161cf8e46758e3bd06edd89d44ff5b4e8bc76795,abstract_found,
conf/icml/GuestrinKS05,"When monitoring spatial phenomena, which are often modeled as Gaussian Processes (GPs), choosing sensor locations is a fundamental task. A common strategy is to place sensors at the points of highest entropy (variance) in the GP model. We propose a mutual information criteria, and show that it produces better placements. Furthermore, we prove that finding the configuration that maximizes mutual information is NP-complete. To address this issue, we describe a polynomial-time approximation that is within (1 -- 1/e) of the optimum by exploiting the submodularity of our criterion. This algorithm is extended to handle local structure in the GP, yielding significant speedups. We demonstrate the advantages of our approach on two real-world data sets.",Semantic Scholar DOI,Near-optimal sensor placements in Gaussian processes,100.0,,39e1c9b8d38bfed261674e24e9ef6bd1695b4b77,abstract_found,
conf/icml/LiuXC05,"Protein fold recognition is a key step towards inferring the tertiary structures from amino-acid sequences. Complex folds such as those consisting of interacting structural repeats are prevalent in proteins involved in a wide spectrum of biological functions. However, extant approaches often perform inadequately due to their inability to capture long-range interactions between structural units and to handle low sequence similarities across proteins (under 25% identity). In this paper, we propose a chain graph model built on a causally connected series of segmentation conditional random fields (SCRFs) to address these issues. Specifically, the SCRF model captures long-range interactions within recurring structural units and the Bayesian network backbone decomposes cross-repeat interactions into locally computable modules consisting of repeat-specific SCRFs and a model for sequence motifs. We applied this model to predict β-helices and leucine-rich repeats, and found it significantly outperforms extant methods in predictive accuracy and/or computational efficiency.",Semantic Scholar DOI,Predicting protein folds with structural repeats using a chain graph model,100.0,,9da6c9e2a80b9ba1fc689a621b0c36f28bcc2921,abstract_found,
conf/icml/ChengJSW05,"We present a variational Bayesian framework for performing inference, density estimation and model selection in a special class of graphical models---Hidden Markov Random Fields (HMRFs). HMRFs are particularly well suited to image modelling and in this paper, we apply them to the problem of image segmentation. Unfortunately, HMRFs are notoriously hard to train and use because the exact inference problems they create are intractable. Our main contribution is to introduce an efficient variational approach for performing approximate inference of the Bayesian formulation of HMRFs, which we can then apply to the density estimation and model selection problems that arise when learning image models from data. With this variational approach, we can conveniently tackle the problem of image segmentation. We present experimental results which show that our technique outperforms recent HMRF-based segmentation methods on real world images.",Semantic Scholar DOI,Variational Bayesian image modelling,100.0,,ebfec1174bd72133a39c190a6ab78973969ad2b7,abstract_found,
conf/icml/ArgyriouHMP06,"We address the problem of learning a kernel for a given supervised learning task. Our approach consists in searching within the convex hull of a prescribed set of basic kernels for one which minimizes a convex regularization functional. A unique feature of this approach compared to others in the literature is that the number of basic kernels can be infinite. We only require that they are continuously parameterized. For example, the basic kernels could be isotropic Gaussians with variance in a prescribed interval or even Gaussians parameterized by multiple continuous parameters. Our work builds upon a formulation involving a minimax optimization problem and a recently proposed greedy algorithm for learning the kernel. Although this optimization problem is not convex, it belongs to the larger class of DC (difference of convex functions) programs. Therefore, we apply recent results from DC optimization theory to create a new algorithm for learning the kernel. Our experimental results on benchmark data sets show that this algorithm outperforms a previously proposed method.",Semantic Scholar DOI,A DC-programming algorithm for kernel selection,100.0,,b1fcab63606efa8df7c76c15d569afe8c188349e,abstract_found,
conf/icml/PoupartVHR06,"Reinforcement learning (RL) was originally proposed as a framework to allow agents to learn in an online fashion as they interact with their environment. Existing RL algorithms come short of achieving this goal because the amount of exploration required is often too costly and/or too time consuming for online learning. As a result, RL is mostly used for offline learning in simulated environments. We propose a new algorithm, called BEETLE, for effective online learning that is computationally efficient while minimizing the amount of exploration. We take a Bayesian model-based approach, framing RL as a partially observable Markov decision process. Our two main contributions are the analytical derivation that the optimal value function is the upper envelope of a set of multivariate polynomials, and an efficient point-based value iteration algorithm that exploits this simple parameterization.",Semantic Scholar DOI,An analytic solution to discrete Bayesian reinforcement learning,100.0,,40e4d0eaff2ce7538ecff773bda326388a87b515,abstract_found,
conf/icml/CaruanaN06,"A number of supervised learning methods have been introduced in the last decade. Unfortunately, the last comprehensive empirical evaluation of supervised learning was the Statlog Project in the early 90's. We present a large-scale empirical comparison between ten supervised learning methods: SVMs, neural nets, logistic regression, naive bayes, memory-based learning, random forests, decision trees, bagged trees, boosted trees, and boosted stumps. We also examine the effect that calibrating the models via Platt Scaling and Isotonic Regression has on their performance. An important aspect of our study is the use of a variety of performance criteria to evaluate the learning methods.",Semantic Scholar DOI,An empirical comparison of supervised learning algorithms,100.0,,955fcf6643c6946f491e70a96db3ffe3bc719a14,abstract_found,
conf/icml/HoiJZL06,"The goal of active learning is to select the most informative examples for manual labeling. Most of the previous studies in active learning have focused on selecting a single unlabeled example in each iteration. This could be inefficient since the classification model has to be retrained for every labeled example. In this paper, we present a framework for ""batch mode active learning"" that applies the Fisher information matrix to select a number of informative examples simultaneously. The key computational challenge is how to efficiently identify the subset of unlabeled examples that can result in the largest reduction in the Fisher information. To resolve this challenge, we propose an efficient greedy algorithm that is based on the property of submodular functions. Our empirical studies with five UCI datasets and one real-world medical image classification show that the proposed batch mode active learning algorithm is more effective than the state-of-the-art algorithms for active learning.",Semantic Scholar DOI,Batch mode active learning and its application to medical image classification,100.0,,04930dc2847e67b992219b129311523cb33976d5,abstract_found,
conf/icml/LeordeanuH06,"We present an efficient method for maximizing energy functions with first and second order potentials, suitable for MAP labeling estimation problems that arise in undirected graphical models. Our approach is to relax the integer constraints on the solution in two steps. First we efficiently obtain the relaxed global optimum following a procedure similar to the iterative power method for finding the largest eigenvector of a matrix. Next, we map the relaxed optimum on a simplex and show that the new energy obtained has a certain optimal bound. Starting from this energy we follow an efficient coordinate ascent procedure that is guaranteed to increase the energy at every step and converge to a solution that obeys the initial integral constraints. We also present a sufficient condition for ascent procedures that guarantees the increase in energy at every step.",Semantic Scholar DOI,Efficient MAP approximation for dense energy functions,100.0,,a5adb00fab71f9d36e7d53d92a84019cc038eeb6,abstract_found,
conf/icml/XiKSWR06,"Many algorithms have been proposed for the problem of time series classification. However, it is clear that one-nearest-neighbor with Dynamic Time Warping (DTW) distance is exceptionally difficult to beat. This approach has one weakness, however; it is computationally too demanding for many realtime applications. One way to mitigate this problem is to speed up the DTW calculations. Nonetheless, there is a limit to how much this can help. In this work, we propose an additional technique, numerosity reduction, to speed up one-nearest-neighbor DTW. While the idea of numerosity reduction for nearest-neighbor classifiers has a long history, we show here that we can leverage off an original observation about the relationship between dataset size and DTW constraints to produce an extremely compact dataset with little or no loss in accuracy. We test our ideas with a comprehensive set of experiments, and show that it can efficiently produce extremely fast accurate classifiers.",Semantic Scholar DOI,Fast time series classification using numerosity reduction,100.0,,415dae363449d399141d07941424b057a26716aa,abstract_found,
conf/icml/MoghaddamWA06,"We present a discrete spectral framework for the sparse or cardinality-constrained solution of a generalized Rayleigh quotient. This NP-hard combinatorial optimization problem is central to supervised learning tasks such as sparse LDA, feature selection and relevance ranking for classification. We derive a new generalized form of the Inclusion Principle for variational eigenvalue bounds, leading to exact and optimal sparse linear discriminants using branch-and-bound search. An efficient greedy (approximate) technique is also presented. The generalization performance of our sparse LDA algorithms is demonstrated with real-world UCI ML benchmarks and compared to a leading SVM-based gene selection algorithm for cancer classification.",Semantic Scholar DOI,Generalized spectral bounds for sparse LDA,100.0,,3c989a48a59868c015415a91e55715105cbf1242,abstract_found,
conf/icml/HutchinsonMR06,"We introduce Hidden Process Models (HPMs), a class of probabilistic models for multivariate time series data. The design of HPMs has been motivated by the challenges of modeling hidden cognitive processes in the brain, given functional Magnetic Resonance Imaging (fMRI) data. fMRI data is sparse, high-dimensional, non-Markovian, and often involves prior knowledge of the form ""hidden event A occurs n times within the interval [t,t′]."" HPMs provide a generalization of the widely used General Linear Model approaches to fMRI analysis, and HPMs can also be viewed as a subclass of Dynamic Bayes Networks.",Semantic Scholar DOI,Hidden process models,100.0,,f88ab1d36f2fbf6fdf1337503ab78defbec1b777,abstract_found,
conf/icml/AgarwalBB06,"Recently there has been considerable interest in learning with higher order relations (i.e., three-way or higher) in the unsupervised and semi-supervised settings. Hypergraphs and tensors have been proposed as the natural way of representing these relations and their corresponding algebra as the natural tools for operating on them. In this paper we argue that hypergraphs are not a natural representation for higher order relations, indeed pairwise as well as higher order relations can be handled using graphs. We show that various formulations of the semi-supervised and the unsupervised learning problem on hypergraphs result in the same graph theoretic problem and can be analyzed using existing tools.",Semantic Scholar DOI,Higher order learning with graphs,100.0,,75ba42e0df0731fcd7a1578a3b16e800f02786e5,abstract_found,
conf/icml/GeurtsWd06,"We extend tree-based methods to the prediction of structured outputs using a kernelization of the algorithm that allows one to grow trees as soon as a kernel can be defined on the output space. The resulting algorithm, called output kernel trees (OK3), generalizes classification and regression trees as well as tree-based ensemble methods in a principled way. It inherits several features of these methods such as interpretability, robustness to irrelevant variables, and input scalability. When only the Gram matrix over the outputs of the learning sample is given, it learns the output kernel as a function of inputs. We show that the proposed algorithm works well on an image reconstruction task and on a biological network inference problem.",Semantic Scholar DOI,Kernelizing the output of tree-based methods,100.0,,97b0478483bb1b00b0a327f1a27f3031c372db2f,abstract_found,
conf/icml/ToussaintS06,"Inference in Markov Decision Processes has recently received interest as a means to infer goals of an observed action, policy recognition, and also as a tool to compute policies. A particularly interesting aspect of the approach is that any existing inference technique in DBNs now becomes available for answering behavioral question--including those on continuous, factorial, or hierarchical state representations. Here we present an Expectation Maximization algorithm for computing optimal policies. Unlike previous approaches we can show that this actually optimizes the discounted expected future return for arbitrary reward functions and without assuming an ad hoc finite total time. The algorithm is generic in that any inference technique can be utilized in the E-step. We demonstrate this for exact inference on a discrete maze and Gaussian belief state propagation in continuous stochastic optimal control problems.",Semantic Scholar DOI,Probabilistic inference for solving discrete and continuous state Markov Decision Processes,100.0,,65f048e0420d11d099d7130fc16e4bd6e3ad88b1,abstract_found,
conf/icml/PereiraG06,"In machine learning problems with tens of thousands of features and only dozens or hundreds of independent training examples, dimensionality reduction is essential for good learning performance. In previous work, many researchers have treated the learning problem in two separate phases: first use an algorithm such as singular value decomposition to reduce the dimensionality of the data set, and then use a classification algorithm such as naïve Bayes or support vector machines to learn a classifier. We demonstrate that it is possible to combine the two goals of dimensionality reduction and classification into a single learning objective, and present a novel and efficient algorithm which optimizes this objective directly. We present experimental results in fMRI analysis which show that we can achieve better learning performance and lower-dimensional representations than two-phase approaches can.",Semantic Scholar DOI,The support vector decomposition machine,100.0,,d5eef7e4f0b2a4ddf90330f5a0b71e70f164b6cf,abstract_found,
conf/icml/WangYL06,"Recently, a very appealing approach was proposed to compute the entire solution path for support vector classification (SVC) with very low extra computational cost. This approach was later extended to a support vector regression (SVR) model called ε-SVR. However, the method requires that the error parameter ε be set a priori, which is only possible if the desired accuracy of the approximation can be specified in advance. In this paper, we show that the solution path for ε-SVR is also piecewise linear with respect to ε. We further propose an efficient algorithm for exploring the two-dimensional solution space defined by the regularization and error parameters. As opposed to the algorithm for SVC, our proposed algorithm for ε-SVR initializes the number of support vectors to zero and then increases it gradually as the algorithm proceeds. As such, a good regression function possessing the sparseness property can be obtained after only a few iterations.",Semantic Scholar DOI,Two-dimensional solution path for support vector regression,100.0,,512ab5a0c290e935c85fce61eb472a7296cc91ab,abstract_found,
conf/icml/SongSGB07,"We propose a family of clustering algorithms based on the maximization of dependence between the input variables and their cluster labels, as expressed by the Hilbert-Schmidt Independence Criterion (HSIC). Under this framework, we unify the geometric, spectral, and statistical dependence views of clustering, and subsume many existing algorithms as special cases (e.g. k-means and spectral clustering). Distinctive to our framework is that kernels can also be applied on the labels, which can endow them with particular structures. We also obtain a perturbation bound on the change in k-means clustering.",Semantic Scholar DOI,A dependence maximization view of clustering,100.0,,d709d31dee8adb47cd777d04d855f0772dcd6a79,abstract_found,
conf/icml/YoganandaMG07,"A geometric and non parametric procedure for testing if two finite set of points are linearly separable is proposed. The Linear Separability Test is equivalent to a test that determines if a strictly positive point h > 0 exists in the range of a matrix A (related to the points in the two finite sets). The algorithm proposed in the paper iteratively checks if a strictly positive point exists in a subspace by projecting a strictly positive vector with equal co-ordinates (p), on the subspace. At the end of each iteration, the subspace is reduced to a lower dimensional subspace. The test is completed within r ≤ min(n, d + 1) steps, for both linearly separable and non separable problems (r is the rank of A, n is the number of points and d is the dimension of the space containing the points). The worst case time complexity of the algorithm is O(nr3) and space complexity of the algorithm is O(nd). A small review of some of the prominent algorithms and their time complexities is included. The worst case computational complexity of our algorithm is lower than the worst case computational complexity of Simplex, Perceptron, Support Vector Machine and Convex Hull Algorithms, if d<n2/3.",Semantic Scholar DOI,A fast linear separability test by projection of positive points on subspaces,100.0,,9807f3ebd5756fd8f61bac4809b449a9a5cfd32e,abstract_found,
conf/icml/Marthi07,"This paper investigates the problem of automatically learning how to restructure the reward function of a Markov decision process so as to speed up reinforcement learning. We begin by describing a method that learns a shaped reward function given a set of state and temporal abstractions. Next, we consider decomposition of the per-timestep reward in multieffector problems, in which the overall agent can be decomposed into multiple units that are concurrently carrying out various tasks. We show by example that to find a good reward decomposition, it is often necessary to first shape the rewards appropriately. We then give a function approximation algorithm for solving both problems together. Standard reinforcement learning algorithms can be augmented with our methods, and we show experimentally that in each case, significantly faster learning results.",Semantic Scholar DOI,Automatic shaping and decomposition of reward functions,100.0,,595db90b327390b9499ad28abcd1863fb8d97ced,abstract_found,
conf/icml/TomiokaA07,"We propose a method for the classification of matrices. We use a linear classifier with a novel regularization scheme based on the spectral l1-norm of its coefficient matrix. The spectral regularization not only provides a principled way of complexity control but also enables automatic determination of the rank of the coefficient matrix. Using the Linear Matrix Inequality technique, we formulate the inference task as a single convex optimization problem. We apply our method to the motor-imagery EEG classification problem. The method not only improves upon conventional methods in the classification performance but also determines a subspace in the signal that concentrates discriminative information without any additional feature extraction step. The method can be easily generalized to regression problems by changing the loss function. Connections to other methods are also discussed.",Semantic Scholar DOI,Classifying matrices with a spectral regularization,100.0,,852c9b0c78d28261ded1661a24b6f24cb26a07fb,abstract_found,
conf/icml/GellyS07,"The UCT algorithm learns a value function online using sample-based search. The TD(λ) algorithm can learn a value function offline for the on-policy distribution. We consider three approaches for combining offline and online value functions in the UCT algorithm. First, the offline value function is used as a default policy during Monte-Carlo simulation. Second, the UCT value function is combined with a rapid online estimate of action values. Third, the offline value function is used as prior knowledge in the UCT search tree. We evaluate these algorithms in 9 x 9 Go against GnuGo 3.7.10. The first algorithm performs better than UCT with a random simulation policy, but surprisingly, worse than UCT with a weaker, handcrafted simulation policy. The second algorithm outperforms UCT altogether. The third algorithm outperforms UCT with handcrafted prior knowledge. We combine these algorithms in MoGo, the world's strongest 9 x 9 Go program. Each technique significantly improves MoGo's playing strength.",Semantic Scholar DOI,Combining online and offline knowledge in UCT,100.0,,0e7aa6d3c4272eb867419a4e88a4c064887e20b4,abstract_found,
conf/icml/UrtasunD07,"Supervised learning is difficult with high dimensional input spaces and very small training sets, but accurate classification may be possible if the data lie on a low-dimensional manifold. Gaussian Process Latent Variable Models can discover low dimensional manifolds given only a small number of examples, but learn a latent space without regard for class labels. Existing methods for discriminative manifold learning (e.g., LDA, GDA) do constrain the class distribution in the latent space, but are generally deterministic and may not generalize well with limited training data. We introduce a method for Gaussian Process Classification using latent variable models trained with discriminative priors over the latent space, which can learn a discriminative latent space from a small training set.",Semantic Scholar DOI,Discriminative Gaussian process latent variable model for classification,100.0,,620e6c164e168a7f306942a179d1bfc667d4f069,abstract_found,
conf/icml/BabariaNKSBM07,"In this paper we propose a novel, scalable, clustering based Ordinal Regression formulation, which is an instance of a Second Order Cone Program (SOCP) with one Second Order Cone (SOC) constraint. The main contribution of the paper is a fast algorithm, CB-OR, which solves the proposed formulation more eficiently than general purpose solvers. Another main contribution of the paper is to pose the problem of focused crawling as a large scale Ordinal Regression problem and solve using the proposed CB-OR. Focused crawling is an efficient mechanism for discovering resources of interest on the web. Posing the problem of focused crawling as an Ordinal Regression problem avoids the need for a negative class and topic hierarchy, which are the main drawbacks of the existing focused crawling methods. Experiments on large synthetic and benchmark datasets show the scalability of CB-OR. Experiments also show that the proposed focused crawler outperforms the state-of-the-art.",Semantic Scholar DOI,Focused crawling with scalable ordinal regression solvers,100.0,,1b69357beb92006a6bf9109d667222d184e53fab,abstract_found,
conf/icml/HoiJL07,"Many kernel learning methods have to assume parametric forms for the target kernel functions, which significantly limits the capability of kernels in fitting diverse patterns. Some kernel learning methods assume the target kernel matrix to be a linear combination of parametric kernel matrices. This assumption again importantly limits the flexibility of the target kernel matrices. The key challenge with nonparametric kernel learning arises from the difficulty in linking the nonparametric kernels to the input patterns. In this paper, we resolve this problem by introducing the graph Laplacian of the observed data as a regularizer when optimizing the kernel matrix with respect to the pairwise constraints. We formulate the problem into Semi-Definite Programs (SDP), and propose an efficient algorithm to solve the SDP problem. The extensive evaluation on clustering with pairwise constraints shows that the proposed nonparametric kernel learning method is more effective than other state-of-the-art kernel learning techniques.",Semantic Scholar DOI,Learning nonparametric kernel matrices from pairwise constraints,100.0,,adcb654dfbd377ee139059d533037d28cbd57209,abstract_found,
conf/icml/WoznicaKH07,"The k-Nearest Neighbors algorithm can be easily adapted to classify complex objects (e.g. sets, graphs) as long as a proper dissimilarity function is given over an input space. Both the representation of the learning instances and the dissimilarity employed on that representation should be determined on the basis of domain knowledge. However, even in the presence of domain knowledge, it can be far from obvious which complex representation should be used or which dissimilarity should be applied on the chosen representation. In this paper we present a framework that allows to combine different complex representations of a given learning problem and/or different dissimilarities defined on these representations. We build on ideas developed previously on metric learning for vectorial data. We demonstrate the utility of our method in domains in which the learning instances are represented as sets of vectors by learning how to combine different set distance measures.",Semantic Scholar DOI,Learning to combine distances for complex representations,100.0,,e76d95dd7d9a536231f6d2f6090073452bf46be0,abstract_found,
conf/icml/ZienO07,"In many applications it is desirable to learn from several kernels. ""Multiple kernel learning"" (MKL) allows the practitioner to optimize over linear combinations of kernels. By enforcing sparse coefficients, it also generalizes feature selection to kernel selection. We propose MKL for joint feature maps. This provides a convenient and principled way for MKL with multiclass problems. In addition, we can exploit the joint feature map to learn kernels on output spaces. We show the equivalence of several different primal formulations including different regularizers. We present several optimization methods, and compare a convex quadratically constrained quadratic program (QCQP) and two semi-infinite linear programs (SILPs) on toy data, showing that the SILPs are faster than the QCQP. We then demonstrate the utility of our method by applying the SILP to three real world datasets.",Semantic Scholar DOI,Multiclass multiple kernel learning,100.0,,8db24719187e8a019a19360aa452583e43f1ba33,abstract_found,
conf/icml/SuttonKS07,"It is often thought that learning algorithms that track the best solution, as opposed to converging to it, are important only on nonstationary problems. We present three results suggesting that this is not so. First we illustrate in a simple concrete example, the Black and White problem, that tracking can perform better than any converging algorithm on a stationary problem. Second, we show the same point on a larger, more realistic problem, an application of temporal difference learning to computer Go. Our third result suggests that tracking in stationary problems could be important for metalearning research (e.g., learning to learn, feature selection, transfer). We apply a metalearning algorithm for step-size adaptation, IDBD (Sutton, 1992a), to the Black and White problem, showing that meta-learning has a dramatic long-term effect on performance whereas, on an analogous converging problem, meta-learning has only a small second-order effect. This small result suggests a way of eventually overcoming a major obstacle to meta-learning research: the lack of an independent methodology for task selection.",Semantic Scholar DOI,On the role of tracking in stationary environments,100.0,,caa3126f6cb1811e65a79b7595f3a0a5595abe35,abstract_found,
conf/icml/SunKR07,"We develop a mixture-based approach to robust density modeling and outlier detection for experimental multivariate data that includes measurement error information. Our model is designed to infer atypical measurements that are not due to errors, aiming to retrieve potentially interesting peculiar objects. Since exact inference is not possible in this model, we develop a tree-structured variational EM solution. This compares favorably against a fully factorial approximation scheme, approaching the accuracy of a Markov-Chain-EM, while maintaining computational simplicity. We demonstrate the benefits of including measurement errors in the model, in terms of improved outlier detection rates in varying measurement uncertainty conditions. We then use this approach for detecting peculiar quasars from an astrophysical survey, given photometric measurements with errors.",Semantic Scholar DOI,Robust mixtures in the presence of measurement errors,100.0,,d2b7b74aa29c02ad273fe8783f70f05d56c66a22,abstract_found,
conf/icml/AndrewG07,"The L-BFGS limited-memory quasi-Newton method is the algorithm of choice for optimizing the parameters of large-scale log-linear models with L2 regularization, but it cannot be used for an L1-regularized loss due to its non-differentiability whenever some parameter is zero. Efficient algorithms have been proposed for this task, but they are impractical when the number of parameters is very large. We present an algorithm Orthant-Wise Limited-memory Quasi-Newton (OWL-QN), based on L-BFGS, that can efficiently optimize the L1-regularized log-likelihood of log-linear models with millions of parameters. In our experiments on a parse reranking task, our algorithm was several orders of magnitude faster than an alternative algorithm, and substantially faster than L-BFGS on the analogous L2-regularized problem. We also present a proof that OWL-QN is guaranteed to converge to a globally optimal parameter vector.",Semantic Scholar DOI,Scalable training of L1-regularized log-linear models,100.0,,f652e8af69fc13a74c54ff332223827822a12339,abstract_found,
conf/icml/SongSGBB07,"We introduce a framework for filtering features that employs the Hilbert-Schmidt Independence Criterion (HSIC) as a measure of dependence between the features and the labels. The key idea is that good features should maximise such dependence. Feature selection for various supervised learning problems (including classification and regression) is unified under this framework, and the solutions can be approximated using a backward-elimination algorithm. We demonstrate the usefulness of our method on both artificial and real world datasets.",Semantic Scholar DOI,Supervised feature selection via dependence estimation,100.0,,d57da0cc42cb33d850db58058796c8284fd6bede,abstract_found,
conf/icml/LiCFX07,"For large-scale classification problems, the training samples can be clustered beforehand as a downsampling pre-process, and then only the obtained clusters are used for training. Motivated by such assumption, we proposed a classification algorithm, Support Cluster Machine (SCM), within the learning framework introduced by Vapnik. For the SCM, a compatible kernel is adopted such that a similarity measure can be handled not only between clusters in the training phase but also between a cluster and a vector in the testing phase. We also proved that the SCM is a general extension of the SVM with the RBF kernel. The experimental results confirm that the SCM is very effective for largescale classification problems due to significantly reduced computational costs for both training and testing and comparable classification accuracies. As a by-product, it provides a promising approach to dealing with privacy-preserving data mining problems.",Semantic Scholar DOI,Support cluster machine,100.0,,87fd8edde9e4bbd73ca845251780c67ac9f481ae,abstract_found,
conf/icml/PaiementGBE08,"Modeling long-term dependencies in time series has proved very difficult to achieve with traditional machine learning methods. This problem occurs when considering music data. In this paper, we introduce a model for rhythms based on the distributions of distances between subsequences. A specific implementation of the model when considering Hamming distances over a simple rhythm representation is described. The proposed model consistently outperforms a standard Hidden Markov Model in terms of conditional prediction accuracy on two different music databases.",Semantic Scholar DOI,A distance model for rhythms,100.0,,afc655c35f1421f45a75585997f579675408d63c,abstract_found,
conf/icml/ShinK08,"Haussler's convolution kernel provides a successful framework for engineering new positive semidefinite kernels, and has been applied to a wide range of data types and applications. In the framework, each data object represents a finite set of finer grained components. Then, Haussler's convolution kernel takes a pair of data objects as input, and returns the sum of the return values of the predetermined primitive positive semidefinite kernel calculated for all the possible pairs of the components of the input data objects. On the other hand, the mapping kernel that we introduce in this paper is a natural generalization of Haussler's convolution kernel, in that the input to the primitive kernel moves over a predetermined subset rather than the entire cross product. Although we have plural instances of the mapping kernel in the literature, their positive semidefiniteness was investigated in case-by-case manners, and worse yet, was sometimes incorrectly concluded. In fact, there exists a simple and easily checkable necessary and sufficient condition, which is generic in the sense that it enables us to investigate the positive semidefiniteness of an arbitrary instance of the mapping kernel. This is the first paper that presents and proves the validity of the condition. In addition, we introduce two important instances of the mapping kernel, which we refer to as the size-of-index-structure-distribution kernel and the editcost-distribution kernel. Both of them are naturally derived from well known (dis)similarity measurements in the literature (e.g. the maximum agreement tree, the edit distance), and are reasonably expected to improve the performance of the existing measures by evaluating their distributional features rather than their peak (maximum/minimum) features.",Semantic Scholar DOI,A generalization of Haussler's convolution kernel: mapping kernel,100.0,,ea8df1258b7c84a43ccfb83d3378ab629e5a3f9f,abstract_found,
conf/icml/LuLHE08,"A good distance measure for time series needs to properly incorporate the temporal structure, and should be applicable to sequences with unequal lengths. In this paper, we propose a distance measure as a principled solution to the two requirements. Unlike the conventional feature vector representation, our approach represents each time series with a summarizing smooth curve in a reproducing kernel Hilbert space (RKHS), and therefore translate the distance between time series into distances between curves. Moreover we propose to learn the kernel of this RKHS from a population of time series with discrete observations using Gaussian process-based non-parametric mixed-effect models. Experiments on two vastly different real-world problems show that the proposed distance measure leads to improved classification accuracy over the conventional distance measures.",Semantic Scholar DOI,A reproducing kernel Hilbert space framework for pairwise time series distances,100.0,,258512d5f4e9636feeb55c7e744f5c49bdab87de,abstract_found,
conf/icml/HoiJ08,"Identifying the appropriate kernel function/matrix for a given dataset is essential to all kernel-based learning techniques. A number of kernel learning algorithms have been proposed to learn kernel functions or matrices from side information (e.g., either labeled examples or pairwise constraints). However, most previous studies are limited to ""passive"" kernel learning in which side information is provided beforehand. In this paper we present a framework of Active Kernel Learning (AKL) that actively identifies the most informative pairwise constraints for kernel learning. The key challenge of active kernel learning is how to measure the informativeness of an example pair given its class label is unknown. To this end, we propose a min-max approach for active kernel learning that selects the example pair that results in a large classification margin regardless of its assigned class label. We furthermore approximate the related optimization problem into a convex programming problem. We evaluate the effectiveness of the proposed algorithm by comparing it to two other implementations of active kernel learning. Empirical study with nine datasets on semi-supervised data clustering shows that the proposed algorithm is more effective than its competitors.",Semantic Scholar DOI,Active kernel learning,100.0,,509ee7208944d36d2c646d405a596c8268e4bd1e,abstract_found,
conf/icml/Bach08a,"We consider the least-square linear regression problem with regularization by the l1-norm, a problem usually referred to as the Lasso. In this paper, we present a detailed asymptotic analysis of model consistency of the Lasso. For various decays of the regularization parameter, we compute asymptotic equivalents of the probability of correct model selection (i.e., variable selection). For a specific rate decay, we show that the Lasso selects all the variables that should enter the model with probability tending to one exponentially fast, while it selects all other variables with strictly positive probability. We show that this property implies that if we run the Lasso for several bootstrapped replications of a given sample, then intersecting the supports of the Lasso bootstrap estimates leads to consistent model selection. This novel variable selection algorithm, referred to as the Bolasso, is compared favorably to other linear regression methods on synthetic data and datasets from the UCI machine learning repository.",Semantic Scholar DOI,Bolasso: model consistent Lasso estimation through the bootstrap,100.0,,c74cb2dc88baec89af714577ddafa454ab785135,abstract_found,
conf/icml/RishGCPG08,"We propose a family of supervised dimensionality reduction (SDR) algorithms that combine feature extraction (dimensionality reduction) with learning a predictive model in a unified optimization framework, using data- and class-appropriate generalized linear models (GLMs), and handling both classification and regression problems. Our approach uses simple closed-form update rules and is provably convergent. Promising empirical results are demonstrated on a variety of high-dimensional datasets.",Semantic Scholar DOI,Closed-form supervised dimensionality reduction with generalized linear models,100.0,,428287d096b1c344968ec04205056e983ee1b2fc,abstract_found,
conf/icml/WestonRC08,"We show how nonlinear embedding algorithms popular for use with shallow semi-supervised learning techniques such as kernel methods can be applied to deep multilayer architectures, either as a regularizer at the output layer, or on each layer of the architecture. This provides a simple alternative to existing approaches to deep learning whilst yielding competitive error rates compared to those methods, and existing shallow semi-supervised techniques.",Semantic Scholar DOI,Deep learning via semi-supervised embedding,100.0,,7ee368e60d0b826e78f965aad8d6c7d406127104,abstract_found,
conf/icml/ZhaoWZ08,"This paper presents a cutting plane algorithm for multiclass maximum margin clustering (MMC). The proposed algorithm constructs a nested sequence of successively tighter relaxations of the original MMC problem, and each optimization problem in this sequence could be efficiently solved using the constrained concave-convex procedure (CCCP). Experimental evaluations on several real world datasets show that our algorithm converges much faster than existing MMC methods with guaranteed accuracy, and can thus handle much larger datasets efficiently.",Semantic Scholar DOI,Efficient multiclass maximum margin clustering,100.0,,d1a76e89377b38440e64b1b70949661c902b9c46,abstract_found,
conf/icml/WingateS08,"Exponential Family PSR (EFPSR) models capture stochastic dynamical systems by representing state as the parameters of an exponential family distribution over a shortterm window of future observations. They are appealing from a learning perspective because they are fully observed (meaning expressions for maximum likelihood do not involve hidden quantities), but are still expressive enough to both capture existing models and predict new models. While maximum-likelihood learning algorithms for EFPSRs exist, they are not computationally feasible. We present a new, computationally efficient, learning algorithm based on an approximate likelihood function. The algorithm can be interpreted as attempting to induce stationary distributions of observations, features and states which match their empirically observed counterparts. The approximate likelihood, and the idea of matching stationary distributions, may apply to other models.",Semantic Scholar DOI,Efficiently learning linear-linear exponential family predictive representations of state,100.0,,0b4ced8710d216513fe517b9c9cda98ec9cff1fc,abstract_found,
conf/icml/ZhangDT08,"EM algorithm is a very popular iteration-based method to estimate the parameters of Gaussian Mixture Model from a large observation set. However, in most cases, EM algorithm is not guaranteed to converge to the global optimum. Instead, it stops at some local optimums, which can be much worse than the global optimum. Therefore, it is usually required to run multiple procedures of EM algorithm with different initial configurations and return the best solution. To improve the efficiency of this scheme, we propose a new method which can estimate an upper bound on the logarithm likelihood of the local optimum, based on the current configuration after the latest EM iteration. This is accomplished by first deriving some region bounding the possible locations of local optimum, followed by some upper bound estimation on the maximum likelihood. With this estimation, we can terminate an EM algorithm procedure if the estimated local optimum is definitely worse than the best solution seen so far. Extensive experiments show that our method can effectively and efficiently accelerate conventional multiple restart EM algorithm.",Semantic Scholar DOI,Estimating local optimums in EM algorithm over Gaussian mixture model,100.0,,f4300326d07c058ba61eb1ee0173d09f4ee8a132,abstract_found,
conf/icml/WeinbergerS08,"In this paper we study how to improve nearest neighbor classification by learning a Mahalanobis distance metric. We build on a recently proposed framework for distance metric learning known as large margin nearest neighbor (LMNN) classification. Our paper makes three contributions. First, we describe a highly efficient solver for the particular instance of semidefinite programming that arises in LMNN classification; our solver can handle problems with billions of large margin constraints in a few hours. Second, we show how to reduce both training and testing times using metric ball trees; the speedups from ball trees are further magnified by learning low dimensional representations of the input space. Third, we show how to learn different Mahalanobis distance metrics in different parts of the input space. For large data sets, the use of locally adaptive distance metrics leads to even lower error rates.",Semantic Scholar DOI,Fast solvers and efficient implementations for distance metric learning,100.0,,f7c8805d5ff6b07181d70995db5aaa866c3c670d,abstract_found,
conf/icml/WolfeHK08,"In EM and related algorithms, E-step computations distribute easily, because data items are independent given parameters. For very large data sets, however, even storing all of the parameters in a single node for the M-step can be impractical. We present a framework that fully distributes the entire EM procedure. Each node interacts only with parameters relevant to its data, sending messages to other nodes along a junction-tree topology. We demonstrate improvements over a MapReduce topology, on two tasks: word alignment and topic modeling.",Semantic Scholar DOI,Fully distributed EM for very large datasets,100.0,,7c24720eee95602637c2f294d14a3d210da446df,abstract_found,
conf/icml/OuyangG08,"We consider the problem of learning dissimilarities between points via formulations which preserve a specified ordering between points rather than the numerical values of the dissimilarities. Dissimilarity ranking (d-ranking) learns from instances like ""A is more similar to B than C is to D"" or ""The distance between E and F is larger than that between G and H"". Three formulations of d-ranking problems are presented and new algorithms are presented for two of them, one by semidefinite programming (SDP) and one by quadratic programming (QP). Among the novel capabilities of these approaches are out-of-sample prediction and scalability to large problems.",Semantic Scholar DOI,Learning dissimilarities by ranking: from SDP to QP,100.0,,d54653355857c18e4adcf4bf44959911423faed6,abstract_found,
conf/icml/CoatesAN08,"We consider the problem of learning to follow a desired trajectory when given a small number of demonstrations from a sub-optimal expert. We present an algorithm that (i) extracts the---initially unknown---desired trajectory from the sub-optimal expert's demonstrations and (ii) learns a local model suitable for control along the learned trajectory. We apply our algorithm to the problem of autonomous helicopter flight. In all cases, the autonomous helicopter's performance exceeds that of our expert helicopter pilot's demonstrations. Even stronger, our results significantly extend the state-of-the-art in autonomous helicopter aerobatics. In particular, our results include the first autonomous tic-tocs, loops and hurricane, vastly superior performance on previously performed aerobatic maneuvers (such as in-place flips and rolls), and a complete airshow, which requires autonomous transitions between these and various other maneuvers.",Semantic Scholar DOI,Learning for control from multiple demonstrations,100.0,,f31592bf0aa8f8d24ea52576db878a3d557aa8e1,abstract_found,
conf/icml/SeldinT08,We derive a generalization bound for multi-classification schemes based on grid clustering in categorical parameter product spaces. Grid clustering partitions the parameter space in the form of a Cartesian product of partitions for each of the parameters. The derived bound provides a means to evaluate clustering solutions in terms of the generalization power of a built-on classifier. For classification based on a single feature the bound serves to find a globally optimal classification rule. Comparison of the generalization power of individual features can then be used for feature ranking. Our experiments show that in this role the bound is much more precise than mutual information or normalized correlation indices.,Semantic Scholar DOI,Multi-classification by categorical features via clustering,100.0,,a5182d6f04b61b2f511c4d4ecd50c3725a9d4c16,abstract_found,
conf/icml/BiggsGV08,"Nonnegative matrix factorization (NMF) was popularized as a tool for data mining by Lee and Seung in 1999. NMF attempts to approximate a matrix with nonnegative entries by a product of two low-rank matrices, also with nonnegative entries. We propose an algorithm called rank-one downdate (R1D) for computing an NMF that is partly motivated by the singular value decomposition. This algorithm computes the dominant singular values and vectors of adaptively determined sub-matrices of a matrix. On each iteration, R1D extracts a rank-one submatrix from the original matrix according to an objective function. We establish a theoretical result that maximizing this objective function corresponds to correctly classifying articles in a nearly separable corpus. We also provide computational experiments showing the success of this method in identifying features in realistic datasets. The method is also much faster than other NMF routines.",Semantic Scholar DOI,Nonnegative matrix factorization via rank-one downdate,100.0,,8959dcff28bedf6464a2f26a7e21500d3cd0cadd,abstract_found,
conf/icml/SalakhutdinovM08,"Deep Belief Networks (DBN's) are generative models that contain many layers of hidden variables. Efficient greedy algorithms for learning and approximate inference have allowed these models to be applied successfully in many application domains. The main building block of a DBN is a bipartite undirected graphical model called a restricted Boltzmann machine (RBM). Due to the presence of the partition function, model selection, complexity control, and exact maximum likelihood learning in RBM's are intractable. We show that Annealed Importance Sampling (AIS) can be used to efficiently estimate the partition function of an RBM, and we present a novel AIS scheme for comparing RBM's with different architectures. We further show how an AIS estimator, along with approximate inference, can be used to estimate a lower bound on the log-probability that a DBN model with multiple hidden layers assigns to the test data. This is, to our knowledge, the first step towards obtaining quantitative results that would allow us to directly assess the performance of Deep Belief Networks as generative models of data.",Semantic Scholar DOI,On the quantitative analysis of deep belief networks,100.0,,08d0ea90b53aba0008d25811268fe46562cfb38c,abstract_found,
conf/icml/FrankMP08,"We consider the task of reinforcement learning in an environment in which rare significant events occur independently of the actions selected by the controlling agent. If these events are sampled according to their natural probability of occurring, convergence of conventional reinforcement learning algorithms is likely to be slow, and the learning algorithms may exhibit high variance. In this work, we assume that we have access to a simulator, in which the rare event probabilities can be artificially altered. Then, importance sampling can be used to learn with this simulation data. We introduce algorithms for policy evaluation, using both tabular and function approximation representations of the value function. We prove that in both cases, the reinforcement learning algorithms converge. In the tabular case, we also analyze the bias and variance of our approach compared to TD-learning. We evaluate empirically the performance of the algorithm on random Markov Decision Processes, as well as on a large network planning task.",Semantic Scholar DOI,Reinforcement learning in the presence of rare events,100.0,,2e940040101d2df95b624d0d26d4472d5187e54b,abstract_found,
conf/icml/DoshiPR08,"Partially Observable Markov Decision Processes (POMDPs) have succeeded in planning domains that require balancing actions that increase an agent's knowledge and actions that increase an agent's reward. Unfortunately, most POMDPs are defined with a large number of parameters which are difficult to specify only from domain knowledge. In this paper, we present an approximation approach that allows us to treat the POMDP model parameters as additional hidden state in a ""model-uncertainty"" POMDP. Coupled with model-directed queries, our planner actively learns good policies. We demonstrate our approach on several POMDP problems.",Semantic Scholar DOI,Reinforcement learning with limited reinforcement: using Bayes risk for active learning in POMDPs,100.0,,9437ec02806f1de7b49cc5700b905a6bb8eb5994,abstract_found,
conf/icml/FrancLM08,"We propose a new stopping condition for a Support Vector Machine (SVM) solver which precisely reflects the objective of the Leave-One-Out error computation. The stopping condition guarantees that the output on an intermediate SVM solution is identical to the output of the optimal SVM solution with one data point excluded from the training set. A simple augmentation of a general SVM training algorithm allows one to use a stopping criterion equivalent to the proposed sufficient condition. A comprehensive experimental evaluation of our method shows consistent speedup of the exact LOO computation by our method, up to the factor of 13 for the linear kernel. The new algorithm can be seen as an example of constructive guidance of an optimization algorithm towards achieving the best attainable expected risk at optimal computational cost.",Semantic Scholar DOI,Stopping conditions for exact computation of leave-one-out error in support vector machines,100.0,,45ec0053be45fc3e959544204386d4a9ec47be17,abstract_found,
conf/icml/SongZSGS08,"Moment matching is a popular means of parametric density estimation. We extend this technique to nonparametric estimation of mixture models. Our approach works by embedding distributions into a reproducing kernel Hilbert space, and performing moment matching in that space. This allows us to tailor density estimators to a function class of interest (i.e., for which we would like to compute expectations). We show our density estimation approach is useful in applications such as message compression in graphical models, and image classification and retrieval.",Semantic Scholar DOI,Tailoring density estimation via reproducing kernel moment matching,100.0,,dc5ff9fd66d9d6390d41f9bb9e6df3c79837384c,abstract_found,
conf/icml/OrabonaKC08,"We present a discriminative online algorithm with a bounded memory growth, which is based on the kernel-based Perceptron. Generally, the required memory of the kernel-based Perceptron for storing the online hypothesis is not bounded. Previous work has been focused on discarding part of the instances in order to keep the memory bounded. In the proposed algorithm the instances are not discarded, but projected onto the space spanned by the previous online hypothesis. We derive a relative mistake bound and compare our algorithm both analytically and empirically to the state-of-the-art Forgetron algorithm (Dekel et al, 2007). The first variant of our algorithm, called Projectron, outperforms the Forgetron. The second variant, called Projectron++, outperforms even the Perceptron.",Semantic Scholar DOI,The projectron: a bounded kernel-based Perceptron,100.0,,3d6e2d4d71f42115231b15c1d52e45e83cd277b5,abstract_found,
conf/icml/KamisettyL09,"Given multiple possible models b1, b2, ... bn for a protein structure, a common sub-task in in-silico Protein Structure Prediction is ranking these models according to their quality. Extant approaches use MLE estimates of parameters ri to obtain point estimates of the Model Quality. We describe a Bayesian alternative to assessing the quality of these models that builds an MRF over the parameters of each model and performs approximate inference to integrate over them. Hyperparameters w are learnt by optimizing a list-wise loss function over training data. Our results indicate that our Bayesian approach can significantly outperform MLE estimates and that optimizing the hyper-parameters can further improve results.",Semantic Scholar DOI,A Bayesian approach to protein model quality assessment,100.0,,2031bbc62cbfc46470403660cb1ea0b6d0c73aa9,abstract_found,
conf/icml/WoodAGJT09,"We propose an unbounded-depth, hierarchical, Bayesian nonparametric model for discrete sequence data. This model can be estimated from a single training sequence, yet shares statistical strength between subsequent symbol predictive distributions in such a way that predictive performance generalizes well. The model builds on a specific parameterization of an unbounded-depth hierarchical Pitman-Yor process. We introduce analytic marginalization steps (using coagulation operators) to reduce this model to one that can be represented in time and space linear in the length of the training sequence. We show how to perform inference in such a model without truncation approximation and introduce fragmentation operators necessary to do predictive inference. We demonstrate the sequence memoizer by using it as a language model, achieving state-of-the-art results.",Semantic Scholar DOI,A stochastic memoizer for sequence data,100.0,,893c8f527dadbaed9cc66aaf6d6f8a83c50722a1,abstract_found,
conf/icml/QuattoniCCD09,"In recent years the l1, ∞ norm has been proposed for joint regularization. In essence, this type of regularization aims at extending the l1 framework for learning sparse models to a setting where the goal is to learn a set of jointly sparse models. In this paper we derive a simple and effective projected gradient method for optimization of l1, ∞ regularized problems. The main challenge in developing such a method resides on being able to compute efficient projections to the l1, ∞ ball. We present an algorithm that works in O(n log n) time and O(n) memory where n is the number of parameters. We test our algorithm in a multi-task image annotation problem. Our results show that l1, ∞ leads to better performance than both l2 and l1 regularization and that it is is effective in discovering jointly sparse solutions.",Semantic Scholar DOI,"An efficient projection for l1, ∞ regularization",100.0,,201c9ec7840abe7451958d6918af0ece19c7c00f,abstract_found,
conf/icml/GomesK09,"The development of mechanisms to understand and model the expected behaviour of multiagent learners is becoming increasingly important as the area rapidly find application in a variety of domains. In this paper we present a framework to model the behaviour of Q-learning agents using the ε-greedy exploration mechanism. For this, we analyse a continuous-time version of the Q-learning update rule and study how the presence of other agents and the ε-greedy mechanism affect it. We then model the problem as a system of difference equations which is used to theoretically analyse the expected behaviour of the agents. The applicability of the framework is tested through experiments in typical games selected from the literature.",Semantic Scholar DOI,Dynamic analysis of multiagent Q-learning with ε-greedy exploration,100.0,,7c3abb1c232555cca4ad71f8c194209ea8af4453,abstract_found,
conf/icml/WeinbergerDLSA09,Empirical evidence suggests that hashing is an effective strategy for dimensionality reduction and practical nonparametric estimation. In this paper we provide exponential tail bounds for feature hashing and show that the interaction between random subspaces is negligible with high probability. We demonstrate the feasibility of this approach with experimental results for a new use case --- multitask learning with hundreds of thousands of tasks.,Semantic Scholar DOI,Feature hashing for large scale multitask learning,100.0,,00bbfde6af97ce5efcf86b3401d265d42a95603d,abstract_found,
conf/icml/DaitchKS09,"We introduce a measure of how well a combinatorial graph fits a collection of vectors. The optimal graphs under this measure may be computed by solving convex quadratic programs and have many interesting properties. For vectors in d dimensional space, the graphs always have average degree at most 2(d + 1), and for vectors in 2 dimensions they are always planar. We compute these graphs for many standard data sets and show that they can be used to obtain good solutions to classification, regression and clustering problems.",Semantic Scholar DOI,Fitting a graph to vector data,100.0,,044c4b0c360eeb0a4619fa89a5df2fa6203bc93f,abstract_found,
conf/icml/AndrzejewskiZC09,"Users of topic modeling methods often have knowledge about the composition of words that should have high or low probability in various topics. We incorporate such domain knowledge using a novel Dirichlet Forest prior in a Latent Dirichlet Allocation framework. The prior is a mixture of Dirichlet tree distributions with special structures. We present its construction, and inference via collapsed Gibbs sampling. Experiments on synthetic and real datasets demonstrate our model's ability to follow and generalize beyond user-specified domain knowledge.",Semantic Scholar DOI,Incorporating Domain Knowledge into Topic Modeling via Dirichlet Forest Priors,100.0,,268b37db3acb544de18348575b051a18e32033ab,abstract_found,
conf/icml/YueJ09,"We present an on-line learning framework tailored towards real-time learning from observed user behavior in search engines and other information retrieval systems. In particular, we only require pairwise comparisons which were shown to be reliably inferred from implicit feedback (Joachims et al., 2007; Radlinski et al., 2008b). We will present an algorithm with theoretical guarantees as well as simulation results.",Semantic Scholar DOI,Interactively optimizing information retrieval systems as a dueling bandits problem,100.0,,035bd1607d664b0c10143ca055f1c645b7d04a11,abstract_found,
conf/icml/YuLZG09,"A nonparametric model is introduced that allows multiple related regression tasks to take inputs from a common data space. Traditional transfer learning models can be inappropriate if the dependence among the outputs cannot be fully resolved by known input-specific and task-specific predictors. The proposed model treats such output responses as conditionally independent, given known predictors and appropriate unobserved random effects. The model is nonparametric in the sense that the dimensionality of random effects is not specified a priori but is instead determined from data. An approach to estimating the model is presented uses an EM algorithm that is efficient on a very large scale collaborative prediction problem. The obtained prediction accuracy is competitive with state-of-the-art results.",Semantic Scholar DOI,Large-scale collaborative prediction using a nonparametric random effects model,100.0,,8a2095b8e64ecfa2afb6c47586d3c58cb728554f,abstract_found,
conf/icml/KokD09,"Markov logic networks (MLNs) combine logic and probability by attaching weights to first-order clauses, and viewing these as templates for features of Markov networks. Learning MLN structure from a relational database involves learning the clauses and weights. The state-of-the-art MLN structure learners all involve some element of greedily generating candidate clauses, and are susceptible to local optima. To address this problem, we present an approach that directly utilizes the data in constructing candidates. A relational database can be viewed as a hypergraph with constants as nodes and relations as hyperedges. We find paths of true ground atoms in the hypergraph that are connected via their arguments. To make this tractable (there are exponentially many paths in the hypergraph), we lift the hypergraph by jointly clustering the constants to form higherlevel concepts, and find paths in it. We variabilize the ground atoms in each path, and use them to form clauses, which are evaluated using a pseudo-likelihood measure. In our experiments on three real-world datasets, we find that our algorithm outperforms the state-of-the-art approaches.",Semantic Scholar DOI,Learning Markov logic network structure via hypergraph lifting,100.0,,e7a61078b0551af3ecd5aa19afd3e219d30784d4,abstract_found,
conf/icml/NeumannMP09,"Abstraction of complex, longer motor tasks into simpler elemental movements enables humans and animals to exhibit motor skills which have not yet been matched by robots. Humans intuitively decompose complex motions into smaller, simpler segments. For example when describing simple movements like drawing a triangle with a pen, we can easily name the basic steps of this movement. Surprisingly, such abstractions have rarely been used in artificial motor skill learning algorithms. These algorithms typically choose a new action (such as a torque or a force) at a very fast time-scale. As a result, both policy and temporal credit assignment problem become unnecessarily complex - often beyond the reach of current machine learning methods. We introduce a new framework for temporal abstractions in reinforcement learning (RL), i.e. RL with motion templates. We present a new algorithm for this framework which can learn high-quality policies by making only few abstract decisions.",Semantic Scholar DOI,Learning complex motions by sequencing simpler motion templates,100.0,,71d0ac0b5bcda045551f86fff971096b5b11525d,abstract_found,
conf/icml/LangfordSZ09,"We present a novel approach for learning nonlinear dynamic models, which leads to a new set of tools capable of solving problems that are otherwise difficult. We provide theory showing this new approach is consistent for models with long range structure, and apply the approach to motion capture and high-dimensional video data, yielding results superior to standard alternatives.",Semantic Scholar DOI,Learning nonlinear dynamic models,100.0,,c9a30c83f3fb9125c0852b0573939a5413d8de1a,abstract_found,
conf/icml/RoyLW09,"In many real-world domains, undirected graphical models such as Markov random fields provide a more natural representation of the statistical dependency structure than directed graphical models. Unfortunately, structure learning of undirected graphs using likelihood-based scores remains difficult because of the intractability of computing the partition function. We describe a new Markov random field structure learning algorithm, motivated by canonical parameterization of Abbeel et al. We provide computational improvements on their parameterization by learning per-variable canonical factors, which makes our algorithm suitable for domains with hundreds of nodes. We compare our algorithm against several algorithms for learning undirected and directed models on simulated and real datasets from biology. Our algorithm frequently outperforms existing algorithms, producing higher-quality structures, suggesting that enforcing consistency during structure learning is beneficial for learning undirected graphs.",Semantic Scholar DOI,Learning structurally consistent undirected probabilistic graphical models,100.0,,e038459d2b61e03d9aaf610f82724d9ba682cde9,abstract_found,
conf/icml/HuangZM09,"This paper investigates a new learning formulation called structured sparsity, which is a natural extension of the standard sparsity concept in statistical learning and compressive sensing. By allowing arbitrary structures on the feature set, this concept generalizes the group sparsity idea. A general theory is developed for learning with structured sparsity, based on the notion of coding complexity associated with the structure. Moreover, a structured greedy algorithm is proposed to efficiently solve the structured sparsity problem. Experiments demonstrate the advantage of structured sparsity over standard sparsity.",Semantic Scholar DOI,Learning with structured sparsity,100.0,,ceb3eff13951d80813103172355820bc9493f172,abstract_found,
conf/icml/ZhuAX09,"Supervised topic models utilize document's side information for discovering predictive low dimensional representations of documents; and existing models apply likelihood-based estimation. In this paper, we present a max-margin supervised topic model for both continuous and categorical response variables. Our approach, the maximum entropy discrimination latent Dirichlet allocation (MedLDA), utilizes the max-margin principle to train supervised topic models and estimate predictive topic representations that are arguably more suitable for prediction. We develop efficient variational methods for posterior inference and demonstrate qualitatively and quantitatively the advantages of MedLDA over likelihood-based topic models on movie review and 20 Newsgroups data sets.",Semantic Scholar DOI,MedLDA: maximum margin supervised topic models for regression and classification,100.0,,46e855bf250355d8366aa6957740d820c310ef25,abstract_found,
conf/icml/VlassisT09,"We cast model-free reinforcement learning as the problem of maximizing the likelihood of a probabilistic mixture model via sampling, addressing both the infinite and finite horizon cases. We describe a Stochastic Approximation EM algorithm for likelihood maximization that, in the tabular case, is equivalent to a non-bootstrapping optimistic policy iteration algorithm like Sarsa(1) that can be applied both in MDPs and POMDPs. On the theoretical side, by relating the proposed stochastic EM algorithm to the family of optimistic policy iteration algorithms, we provide new tools that permit the design and analysis of algorithms in that family. On the practical side, preliminary experiments on a POMDP problem demonstrated encouraging results.",Semantic Scholar DOI,Model-free reinforcement learning as mixture learning,100.0,,22c23a3f213dd584f1f5787a6e8fae59245d2570,abstract_found,
conf/icml/ZhuX09,"Sparsity is a desirable property in high dimensional learning. The l1-norm regularization can lead to primal sparsity, while max-margin methods achieve dual sparsity. Combining these two methods, an l1-norm max-margin Markov network (l1-M3N) can achieve both types of sparsity. This paper analyzes its connections to the Laplace max-margin Markov network (LapM3N), which inherits the dual sparsity of max-margin models but is pseudo-primal sparse, and to a novel adaptive M3N (AdapM3N). We show that the l1-M3N is an extreme case of the LapM3N, and the l1-M3N is equivalent to an AdapM3N. Based on this equivalence we develop a robust EM-style algorithm for learning an l1-M3N. We demonstrate the advantages of the simultaneously (pseudo-) primal and dual sparse models over the ones which enjoy either primal or dual sparsity on both synthetic and real data sets.",Semantic Scholar DOI,On primal and dual sparsity of Markov networks,100.0,,bf359d0ba7056a561e7857de08c0f92fcbf54c78,abstract_found,
conf/icml/JohnsonCC09,"We present a new view of Gaussian belief propagation (GaBP) based on a representation of the determinant as a product over orbits of a graph. We show that the GaBP determinant estimate captures totally backtracking orbits of the graph and consider how to correct this estimate. We show that the missing orbits may be grouped into equivalence classes corresponding to backtrackless orbits and the contribution of each equivalence class is easily determined from the GaBP solution. Furthermore, we demonstrate that this multiplicative correction factor can be interpreted as the determinant of a backtrackless adjacency matrix of the graph with edge weights based on GaBP. Finally, an efficient method is proposed to compute a truncated correction factor including all backtrackless orbits up to a specified length.",Semantic Scholar DOI,Orbit-product representation and correction of Gaussian belief propagation,100.0,,29b2e95d46192668e05f7b574e87c737e8b59a56,abstract_found,
conf/icml/ZhuangTH09,"Previous studies of Non-Parametric Kernel (NPK) learning usually reduce to solving some Semi-Definite Programming (SDP) problem by a standard SDP solver. However, time complexity of standard interior-point SDP solvers could be as high as O(n6.5). Such intensive computation cost prohibits NPK learning applicable to real applications, even for data sets of moderate size. In this paper, we propose an efficient approach to NPK learning from side information, referred to as SimpleNPKL, which can efficiently learn non-parametric kernels from large sets of pairwise constraints. In particular, we show that the proposed SimpleNPKL with linear loss has a closed-form solution that can be simply computed by the Lanczos algorithm. Moreover, we show that the SimpleNPKL with square hinge loss can be re-formulated as a saddle-point optimization task, which can be further solved by a fast iterative algorithm. In contrast to the previous approaches, our empirical results show that our new technique achieves the same accuracy, but is significantly more efficient and scalable.",Semantic Scholar DOI,SimpleNPKL: simple non-parametric kernel learning,100.0,,2aeadad61baa1bcdccd1885f5e031d3ed248f952,abstract_found,
conf/icml/MarlinM09,"Recent work has shown that one can learn the structure of Gaussian Graphical Models by imposing an L1 penalty on the precision matrix, and then using efficient convex optimization methods to find the penalized maximum likelihood estimate. This is similar to performing MAP estimation with a prior that prefers sparse graphs. In this paper, we use the stochastic block model as a prior. This prefer graphs that are blockwise sparse, but unlike previous work, it does not require that the blocks or groups be specified a priori. The resulting problem is no longer convex, but we devise an efficient variational Bayes algorithm to solve it. We show that our method has better test set likelihood on two different datasets (motion capture and gene expression) compared to independent L1, and can match the performance of group L1 using manually created groups.",Semantic Scholar DOI,Sparse Gaussian graphical models with unknown block structure,100.0,,9129037717cb4288612aac32e34c6ace82052a7e,abstract_found,
conf/icml/JetchevT09,"Trajectory planning and optimization is a fundamental problem in articulated robotics. Algorithms used typically for this problem compute optimal trajectories from scratch in a new situation. In effect, extensive data is accumulated containing situations together with the respective optimized trajectories - but this data is in practice hardly exploited. The aim of this paper is to learn from this data. Given a new situation we want to predict a suitable trajectory which only needs minor refinement by a conventional optimizer. Our approach has two essential ingredients. First, to generalize from previous situations to new ones we need an appropriate situation descriptor - we propose a sparse feature selection approach to find such well-generalizing features of situations. Second, the transfer of previously optimized trajectories to a new situation should not be made in joint angle space - we propose a more efficient task space transfer of old trajectories to new situations. Experiments on a simulated humanoid reaching problem show that we can predict reasonable motion prototypes in new situations for which the refinement is much faster than an optimization from scratch.",Semantic Scholar DOI,Trajectory prediction: learning to map situations to robot trajectories,100.0,,c2655df81d3ef83bdd472445bd57c64017b2a887,abstract_found,
conf/icml/Daume09,"We describe an adaptation and application of a search-based structured prediction algorithm ""Searn"" to unsupervised learning problems. We show that it is possible to reduce unsupervised learning to supervised learning and demonstrate a high-quality un-supervised shift-reduce parsing model. We additionally show a close connection between unsupervised Searn and expectation maximization. Finally, we demonstrate the efficacy of a semi-supervised extension. The key idea that enables this is an application of the predict-self idea for unsupervised learning.",Semantic Scholar DOI,Unsupervised search-based structured prediction,100.0,,da809472660c7f72ec7a5913d296c48371d14b8a,abstract_found,
